/*
Navicat MySQL Data Transfer

Source Server         : mim
Source Server Version : 50617
Source Host           : 127.0.0.1:3306
Source Database       : quanlydaugia

Target Server Type    : MYSQL
Target Server Version : 50617
File Encoding         : 65001

Date: 2017-06-28 12:48:24
*/

SET FOREIGN_KEY_CHECKS=0;

-- ----------------------------
-- Table structure for chitietdaugia
-- ----------------------------
DROP TABLE IF EXISTS `chitietdaugia`;
CREATE TABLE `chitietdaugia` (
  `idsanphamdaugia` int(11) NOT NULL,
  `idnguoidaugia` int(11) NOT NULL,
  `sotien` float DEFAULT NULL,
  `thoigiandaugia` datetime DEFAULT NULL,
  KEY `fk_CHITIETDAUGIA_USER1_idx` (`idnguoidaugia`) USING BTREE,
  KEY `fk_CHITIETDAUGIA_SANPHAM1_idx` (`idsanphamdaugia`) USING BTREE,
  CONSTRAINT `fk_CHITIETDAUGIA_SANPHAM1` FOREIGN KEY (`idsanphamdaugia`) REFERENCES `sanpham` (`idSANPHAM`) ON DELETE NO ACTION ON UPDATE NO ACTION,
  CONSTRAINT `fk_CHITIETDAUGIA_USER1` FOREIGN KEY (`idnguoidaugia`) REFERENCES `user` (`idUSER`) ON DELETE NO ACTION ON UPDATE NO ACTION
) ENGINE=InnoDB DEFAULT CHARSET=utf8;

-- ----------------------------
-- Records of chitietdaugia
-- ----------------------------
INSERT INTO `chitietdaugia` VALUES ('1', '2', '2000', '2017-06-14 13:21:43');
INSERT INTO `chitietdaugia` VALUES ('1', '2', '4000', '2017-06-04 13:23:39');
INSERT INTO `chitietdaugia` VALUES ('3', '3', '12000000', '2017-06-13 13:29:43');
INSERT INTO `chitietdaugia` VALUES ('4', '1', '18890000', '2017-06-21 13:50:38');
INSERT INTO `chitietdaugia` VALUES ('4', '3', '2', '2017-06-14 13:51:37');
INSERT INTO `chitietdaugia` VALUES ('8', '2', '3', '2017-06-02 13:51:56');
INSERT INTO `chitietdaugia` VALUES ('13', '8', '2', '2017-06-16 13:52:25');
INSERT INTO `chitietdaugia` VALUES ('15', '2', '1', '2017-06-01 13:52:50');
INSERT INTO `chitietdaugia` VALUES ('5', '7', '21990000', '2017-06-02 14:37:15');
INSERT INTO `chitietdaugia` VALUES ('6', '10', '25990000', '2017-05-28 14:37:38');

-- ----------------------------
-- Table structure for chitietxinban
-- ----------------------------
DROP TABLE IF EXISTS `chitietxinban`;
CREATE TABLE `chitietxinban` (
  `idUser` int(11) DEFAULT NULL,
  `comment` varchar(1000) DEFAULT NULL,
  `thoigian` datetime DEFAULT NULL,
  `ketqua` bit(1) DEFAULT NULL,
  KEY `fk_Iduser` (`idUser`),
  CONSTRAINT `fk_Iduser` FOREIGN KEY (`idUser`) REFERENCES `user` (`idUSER`) ON DELETE NO ACTION ON UPDATE CASCADE
) ENGINE=InnoDB DEFAULT CHARSET=latin1;

-- ----------------------------
-- Records of chitietxinban
-- ----------------------------
INSERT INTO `chitietxinban` VALUES ('3', 'asdasdasd', '2017-06-15 00:00:00', '');
INSERT INTO `chitietxinban` VALUES ('2', 'dddddddd', '2017-06-21 15:39:30', '\0');

-- ----------------------------
-- Table structure for comment
-- ----------------------------
DROP TABLE IF EXISTS `comment`;
CREATE TABLE `comment` (
  `idnguoicomment` int(11) NOT NULL,
  `noidungcomment` varchar(3000) DEFAULT NULL,
  `idnguoiduocomment` int(11) NOT NULL,
  `diemdanhgia` int(11) DEFAULT NULL,
  KEY `fk_COMMENT_USER1_idx` (`idnguoicomment`) USING BTREE,
  KEY `fk_COMMENT_USER2` (`idnguoiduocomment`),
  CONSTRAINT `fk_COMMENT_USER1` FOREIGN KEY (`idnguoicomment`) REFERENCES `user` (`idUSER`) ON DELETE NO ACTION ON UPDATE NO ACTION,
  CONSTRAINT `fk_COMMENT_USER2` FOREIGN KEY (`idnguoiduocomment`) REFERENCES `user` (`idUSER`) ON DELETE NO ACTION ON UPDATE NO ACTION
) ENGINE=InnoDB DEFAULT CHARSET=utf8;

-- ----------------------------
-- Records of comment
-- ----------------------------
INSERT INTO `comment` VALUES ('9', 'Rất tốt', '3', '1');
INSERT INTO `comment` VALUES ('5', 'Rất tốt', '2', '1');
INSERT INTO `comment` VALUES ('2', 'Kém', '10', '0');
INSERT INTO `comment` VALUES ('5', 'Tốt', '6', '1');

-- ----------------------------
-- Table structure for loaisanpham1
-- ----------------------------
DROP TABLE IF EXISTS `loaisanpham1`;
CREATE TABLE `loaisanpham1` (
  `idLOAISANPHAM1` int(11) NOT NULL,
  `tensanpham` varchar(50) DEFAULT NULL,
  PRIMARY KEY (`idLOAISANPHAM1`)
) ENGINE=InnoDB DEFAULT CHARSET=utf8;

-- ----------------------------
-- Records of loaisanpham1
-- ----------------------------
INSERT INTO `loaisanpham1` VALUES ('1', 'Đồ điện tử và điện máy');
INSERT INTO `loaisanpham1` VALUES ('2', 'Thời trang');
INSERT INTO `loaisanpham1` VALUES ('3', 'Đồng hồ & đồ trang sức');
INSERT INTO `loaisanpham1` VALUES ('4', 'Sức khỏe& làm đẹp');
INSERT INTO `loaisanpham1` VALUES ('5', 'Nhà cửa & đời sống');
INSERT INTO `loaisanpham1` VALUES ('6', 'Thể thao');
INSERT INTO `loaisanpham1` VALUES ('7', 'Giải trí  & sở thích');
INSERT INTO `loaisanpham1` VALUES ('8', 'Đồ cổ &đồ sửu tập');
INSERT INTO `loaisanpham1` VALUES ('9', 'Ô tô xe máy xe đạp');
INSERT INTO `loaisanpham1` VALUES ('10', 'Hàng tiêu dùng');

-- ----------------------------
-- Table structure for loaisanpham2
-- ----------------------------
DROP TABLE IF EXISTS `loaisanpham2`;
CREATE TABLE `loaisanpham2` (
  `idLOAISANPHAM2` int(11) NOT NULL,
  `tensanpham` varchar(50) DEFAULT NULL,
  `LOAISANPHAM1_idLOAISANPHAM1` int(11) NOT NULL,
  PRIMARY KEY (`idLOAISANPHAM2`),
  KEY `fk_LOAISANPHAM2_LOAISANPHAM11_idx` (`LOAISANPHAM1_idLOAISANPHAM1`),
  KEY `idLOAISANPHAM2` (`idLOAISANPHAM2`),
  CONSTRAINT `fk_LOAISANPHAM2_LOAISANPHAM11` FOREIGN KEY (`LOAISANPHAM1_idLOAISANPHAM1`) REFERENCES `loaisanpham1` (`idLOAISANPHAM1`) ON DELETE NO ACTION ON UPDATE CASCADE
) ENGINE=InnoDB DEFAULT CHARSET=utf8;

-- ----------------------------
-- Records of loaisanpham2
-- ----------------------------
INSERT INTO `loaisanpham2` VALUES ('1', 'Điện thoại và phụ kiện', '1');
INSERT INTO `loaisanpham2` VALUES ('2', 'Máy quay phim và chụp ảnh', '1');
INSERT INTO `loaisanpham2` VALUES ('3', 'Máy tính và tablet', '1');
INSERT INTO `loaisanpham2` VALUES ('4', 'Thiết bị nghe nhìn', '1');
INSERT INTO `loaisanpham2` VALUES ('5', 'Máy văn phòng', '1');
INSERT INTO `loaisanpham2` VALUES ('6', 'Điện máy gia đình', '1');
INSERT INTO `loaisanpham2` VALUES ('7', 'Thời trang nam', '2');
INSERT INTO `loaisanpham2` VALUES ('8', 'Thời trang nữ', '2');
INSERT INTO `loaisanpham2` VALUES ('9', 'Trang sức', '3');
INSERT INTO `loaisanpham2` VALUES ('10', 'Đồng hồ nam', '3');
INSERT INTO `loaisanpham2` VALUES ('11', 'Đồng hồ nữ', '3');
INSERT INTO `loaisanpham2` VALUES ('12', 'Nước hoa', '4');
INSERT INTO `loaisanpham2` VALUES ('13', 'Mỹ phẩm Makeup', '4');
INSERT INTO `loaisanpham2` VALUES ('14', 'Mỹ phẩm chăm sóc cơ thể', '4');
INSERT INTO `loaisanpham2` VALUES ('15', 'Dụng cụ làm đẹp', '4');
INSERT INTO `loaisanpham2` VALUES ('16', 'Thực phẩm chức năng', '4');
INSERT INTO `loaisanpham2` VALUES ('17', 'Nội thất', '5');
INSERT INTO `loaisanpham2` VALUES ('18', 'Trang trí', '5');
INSERT INTO `loaisanpham2` VALUES ('19', 'Đồ thờ và phong thủy', '5');
INSERT INTO `loaisanpham2` VALUES ('20', 'Bóng đá', '6');
INSERT INTO `loaisanpham2` VALUES ('21', 'Tenis', '6');
INSERT INTO `loaisanpham2` VALUES ('22', 'Bơi lội', '6');
INSERT INTO `loaisanpham2` VALUES ('23', 'Máy tập thể thao', '6');
INSERT INTO `loaisanpham2` VALUES ('24', 'Đồ chơi và sở thích', '7');
INSERT INTO `loaisanpham2` VALUES ('25', 'Búp bê và gấu bông', '7');
INSERT INTO `loaisanpham2` VALUES ('26', 'Trò chơi video', '7');
INSERT INTO `loaisanpham2` VALUES ('27', 'Đồ cổ ', '8');
INSERT INTO `loaisanpham2` VALUES ('28', 'Đồ sưu tập', '8');
INSERT INTO `loaisanpham2` VALUES ('29', 'Tiền xu và tiền giấy', '8');
INSERT INTO `loaisanpham2` VALUES ('30', 'Xe máy', '9');
INSERT INTO `loaisanpham2` VALUES ('31', 'Xe hơi', '9');
INSERT INTO `loaisanpham2` VALUES ('32', 'Xe đạp', '9');
INSERT INTO `loaisanpham2` VALUES ('33', 'Phụ tùng', '9');
INSERT INTO `loaisanpham2` VALUES ('34', 'Phụ kiện và trang trí', '9');
INSERT INTO `loaisanpham2` VALUES ('35', 'Chăm sóc cá nhân', '10');
INSERT INTO `loaisanpham2` VALUES ('36', 'Dụng  cụ gia đình', '10');
INSERT INTO `loaisanpham2` VALUES ('37', 'Dầu gội và sữa tăm', '10');
INSERT INTO `loaisanpham2` VALUES ('38', 'Hóa phẩm', '10');
INSERT INTO `loaisanpham2` VALUES ('39', 'Văn phòng phẩm', '10');

-- ----------------------------
-- Table structure for loaisanpham3
-- ----------------------------
DROP TABLE IF EXISTS `loaisanpham3`;
CREATE TABLE `loaisanpham3` (
  `idLOAISP3` int(11) NOT NULL AUTO_INCREMENT,
  `tensanpham` varchar(50) DEFAULT NULL,
  `LOAISANPHAM2_idLOAISANPHAM2` int(11) NOT NULL,
  PRIMARY KEY (`idLOAISP3`,`LOAISANPHAM2_idLOAISANPHAM2`),
  KEY `fk_LOAISANPHAM3_LOAISANPHAM21_idx` (`LOAISANPHAM2_idLOAISANPHAM2`),
  KEY `idLOAISP3` (`idLOAISP3`),
  CONSTRAINT `fk_LOAISANPHAM3_LOAISANPHAM21` FOREIGN KEY (`LOAISANPHAM2_idLOAISANPHAM2`) REFERENCES `loaisanpham2` (`idLOAISANPHAM2`) ON DELETE NO ACTION ON UPDATE CASCADE
) ENGINE=InnoDB AUTO_INCREMENT=132 DEFAULT CHARSET=utf8;

-- ----------------------------
-- Records of loaisanpham3
-- ----------------------------
INSERT INTO `loaisanpham3` VALUES ('1', 'Điện thoại', '1');
INSERT INTO `loaisanpham3` VALUES ('2', 'Pin và sạc', '1');
INSERT INTO `loaisanpham3` VALUES ('3', 'Phụ kiện', '1');
INSERT INTO `loaisanpham3` VALUES ('4', 'Máy chụp hình', '2');
INSERT INTO `loaisanpham3` VALUES ('5', 'Máy quay phim', '2');
INSERT INTO `loaisanpham3` VALUES ('6', 'Ống kính', '2');
INSERT INTO `loaisanpham3` VALUES ('7', 'Thẻ nhớ', '2');
INSERT INTO `loaisanpham3` VALUES ('8', 'Phụ kiện khác', '2');
INSERT INTO `loaisanpham3` VALUES ('9', 'Laptop & Netbook', '3');
INSERT INTO `loaisanpham3` VALUES ('10', 'Desktop-Máy tính để bàn', '3');
INSERT INTO `loaisanpham3` VALUES ('11', 'Thiết bị mạng', '3');
INSERT INTO `loaisanpham3` VALUES ('12', 'Linh kiện máy tính', '3');
INSERT INTO `loaisanpham3` VALUES ('13', 'Ổ cứng di động', '3');
INSERT INTO `loaisanpham3` VALUES ('14', 'Dàn âm thanh-Karaoke', '4');
INSERT INTO `loaisanpham3` VALUES ('15', 'Tivi', '4');
INSERT INTO `loaisanpham3` VALUES ('16', 'Âm ly', '4');
INSERT INTO `loaisanpham3` VALUES ('17', 'Loa âm thanh', '4');
INSERT INTO `loaisanpham3` VALUES ('18', 'Tai phone', '4');
INSERT INTO `loaisanpham3` VALUES ('19', 'Máy chiếu-Màn chiếu', '5');
INSERT INTO `loaisanpham3` VALUES ('20', 'Máy in-Photocopy-Scan', '5');
INSERT INTO `loaisanpham3` VALUES ('21', 'Máy Fax', '5');
INSERT INTO `loaisanpham3` VALUES ('22', 'Lò vi sóng-Lò nướng', '6');
INSERT INTO `loaisanpham3` VALUES ('23', 'Bàn ủi', '6');
INSERT INTO `loaisanpham3` VALUES ('24', 'Quạt điện', '6');
INSERT INTO `loaisanpham3` VALUES ('25', 'Máy lọc nước', '6');
INSERT INTO `loaisanpham3` VALUES ('26', 'Thiết bị gia nhiệt', '6');
INSERT INTO `loaisanpham3` VALUES ('27', 'Quần Jean-Kaki', '7');
INSERT INTO `loaisanpham3` VALUES ('28', 'Quần Short', '7');
INSERT INTO `loaisanpham3` VALUES ('29', 'Quần Tây', '7');
INSERT INTO `loaisanpham3` VALUES ('30', 'Áo thun', '7');
INSERT INTO `loaisanpham3` VALUES ('31', 'Áo sơ mi', '7');
INSERT INTO `loaisanpham3` VALUES ('32', 'Áo len-Áo khoác', '7');
INSERT INTO `loaisanpham3` VALUES ('33', 'Quần Jean-Kaki', '8');
INSERT INTO `loaisanpham3` VALUES ('34', 'Quần Short', '8');
INSERT INTO `loaisanpham3` VALUES ('35', 'Quần Tây', '8');
INSERT INTO `loaisanpham3` VALUES ('36', 'Áo thun', '8');
INSERT INTO `loaisanpham3` VALUES ('37', 'Áo sơ mi', '8');
INSERT INTO `loaisanpham3` VALUES ('38', 'Áo voan-Áo kiểu', '8');
INSERT INTO `loaisanpham3` VALUES ('39', 'Trang sức cổ', '9');
INSERT INTO `loaisanpham3` VALUES ('40', 'Trang sức hôn lễ', '9');
INSERT INTO `loaisanpham3` VALUES ('41', 'Trang sức cho trẻ', '9');
INSERT INTO `loaisanpham3` VALUES ('42', 'Trang sức thủ công', '9');
INSERT INTO `loaisanpham3` VALUES ('43', 'Nước hoa nam', '12');
INSERT INTO `loaisanpham3` VALUES ('44', 'Nước hoa nữ', '12');
INSERT INTO `loaisanpham3` VALUES ('45', 'Dành cho da', '13');
INSERT INTO `loaisanpham3` VALUES ('46', 'Danh cho mặt', '13');
INSERT INTO `loaisanpham3` VALUES ('47', 'Dành cho tóc', '13');
INSERT INTO `loaisanpham3` VALUES ('48', 'Dành cho da', '14');
INSERT INTO `loaisanpham3` VALUES ('49', 'Dành cho mặt', '14');
INSERT INTO `loaisanpham3` VALUES ('50', 'Dành cho tóc', '14');
INSERT INTO `loaisanpham3` VALUES ('51', 'Dụng cụ làm tóc', '15');
INSERT INTO `loaisanpham3` VALUES ('52', 'Dụng cụ chăm sóc da', '15');
INSERT INTO `loaisanpham3` VALUES ('53', 'Dụng cụ trang điểm', '15');
INSERT INTO `loaisanpham3` VALUES ('54', 'Bệnh xương khớp', '16');
INSERT INTO `loaisanpham3` VALUES ('55', 'Giảm cân', '16');
INSERT INTO `loaisanpham3` VALUES ('56', 'Bổ sung dinh dưỡng', '16');
INSERT INTO `loaisanpham3` VALUES ('57', 'Bộ Sofa', '17');
INSERT INTO `loaisanpham3` VALUES ('58', 'Giường', '17');
INSERT INTO `loaisanpham3` VALUES ('59', 'Bàn', '17');
INSERT INTO `loaisanpham3` VALUES ('60', 'Ghế', '17');
INSERT INTO `loaisanpham3` VALUES ('61', 'Tủ', '17');
INSERT INTO `loaisanpham3` VALUES ('62', 'Giày', '20');
INSERT INTO `loaisanpham3` VALUES ('63', 'Quần áo', '20');
INSERT INTO `loaisanpham3` VALUES ('64', 'Quả bóng', '20');
INSERT INTO `loaisanpham3` VALUES ('65', 'Vợt', '21');
INSERT INTO `loaisanpham3` VALUES ('66', 'Giày', '21');
INSERT INTO `loaisanpham3` VALUES ('67', 'Thời trang tennis', '21');
INSERT INTO `loaisanpham3` VALUES ('68', 'Đồ bơi nam', '22');
INSERT INTO `loaisanpham3` VALUES ('69', 'Đồ bơi nữ', '22');
INSERT INTO `loaisanpham3` VALUES ('70', 'Kính bơi', '22');
INSERT INTO `loaisanpham3` VALUES ('71', 'Máy tập chạy bộ', '23');
INSERT INTO `loaisanpham3` VALUES ('72', 'Máy tập đạp xe', '23');
INSERT INTO `loaisanpham3` VALUES ('73', 'Máy tập đa năng', '23');
INSERT INTO `loaisanpham3` VALUES ('74', 'Máy tập giảm eo', '23');
INSERT INTO `loaisanpham3` VALUES ('75', 'Xe mô hình', '24');
INSERT INTO `loaisanpham3` VALUES ('76', 'Đồ chơi giáo dục', '24');
INSERT INTO `loaisanpham3` VALUES ('77', 'Đồ chơi xây dựng', '24');
INSERT INTO `loaisanpham3` VALUES ('78', 'Búp bê', '25');
INSERT INTO `loaisanpham3` VALUES ('79', 'Gấu bông', '25');
INSERT INTO `loaisanpham3` VALUES ('80', 'Búp bê giấy', '25');
INSERT INTO `loaisanpham3` VALUES ('81', 'Trò chơi', '26');
INSERT INTO `loaisanpham3` VALUES ('82', 'Thẻ chơi game', '26');
INSERT INTO `loaisanpham3` VALUES ('83', 'Bộ phụ kiện', '26');
INSERT INTO `loaisanpham3` VALUES ('84', 'Sách bán thảo cổ', '27');
INSERT INTO `loaisanpham3` VALUES ('85', 'Nhạc cụ cổ', '27');
INSERT INTO `loaisanpham3` VALUES ('86', 'Tivi', '28');
INSERT INTO `loaisanpham3` VALUES ('87', 'Đồng hồ', '28');
INSERT INTO `loaisanpham3` VALUES ('88', 'Máy quay đĩa', '28');
INSERT INTO `loaisanpham3` VALUES ('89', 'Tiền xu cổ', '29');
INSERT INTO `loaisanpham3` VALUES ('90', 'Tiền giấy thế giới', '29');
INSERT INTO `loaisanpham3` VALUES ('91', 'Xe máy', '30');
INSERT INTO `loaisanpham3` VALUES ('92', 'Xe máy điện', '30');
INSERT INTO `loaisanpham3` VALUES ('93', 'Xe máy phân khối lớn', '30');
INSERT INTO `loaisanpham3` VALUES ('94', 'Phụ tùng xe máy', '30');
INSERT INTO `loaisanpham3` VALUES ('95', 'Xe tải', '31');
INSERT INTO `loaisanpham3` VALUES ('96', 'Xe hơi', '31');
INSERT INTO `loaisanpham3` VALUES ('97', 'Xe khách', '31');
INSERT INTO `loaisanpham3` VALUES ('98', 'Xe cũ', '31');
INSERT INTO `loaisanpham3` VALUES ('99', 'Xe đạp', '32');
INSERT INTO `loaisanpham3` VALUES ('100', 'Xe đạp cũ', '32');
INSERT INTO `loaisanpham3` VALUES ('101', 'Xe đạp điện', '32');
INSERT INTO `loaisanpham3` VALUES ('102', 'Xe đạp trẻ em', '32');
INSERT INTO `loaisanpham3` VALUES ('103', 'Lốp xe', '33');
INSERT INTO `loaisanpham3` VALUES ('104', 'Dầu nhớt', '33');
INSERT INTO `loaisanpham3` VALUES ('105', 'Xe đạp', '34');
INSERT INTO `loaisanpham3` VALUES ('106', 'Xe máy', '34');
INSERT INTO `loaisanpham3` VALUES ('107', 'Xe hơi', '34');
INSERT INTO `loaisanpham3` VALUES ('108', 'Vệ sinh nam', '35');
INSERT INTO `loaisanpham3` VALUES ('109', 'Vệ sinh nữ', '35');
INSERT INTO `loaisanpham3` VALUES ('110', 'Chăm sóc răng miệng', '35');
INSERT INTO `loaisanpham3` VALUES ('111', 'Dụng cụ vệ sinh', '36');
INSERT INTO `loaisanpham3` VALUES ('112', 'Dụng cụ nhà bếp', '36');
INSERT INTO `loaisanpham3` VALUES ('113', 'Dụng cụ ăn uống', '36');
INSERT INTO `loaisanpham3` VALUES ('114', 'Dầu gội', '37');
INSERT INTO `loaisanpham3` VALUES ('115', 'Sữa tắm', '37');
INSERT INTO `loaisanpham3` VALUES ('116', 'Nước tẩy rủa-lau sàn', '38');
INSERT INTO `loaisanpham3` VALUES ('117', 'Diệt côn trùng', '38');
INSERT INTO `loaisanpham3` VALUES ('118', 'Nước hoa xịt phòng', '38');
INSERT INTO `loaisanpham3` VALUES ('119', 'Bút ky-Viết', '39');
INSERT INTO `loaisanpham3` VALUES ('120', 'Giấy vở', '39');
INSERT INTO `loaisanpham3` VALUES ('121', 'Dụng cụ bấm', '39');
INSERT INTO `loaisanpham3` VALUES ('122', 'Dụng cụ cắt gọt', '39');
INSERT INTO `loaisanpham3` VALUES ('123', 'Đồng hồ nam casio', '10');
INSERT INTO `loaisanpham3` VALUES ('124', 'Đồng hồ nam rolex', '10');
INSERT INTO `loaisanpham3` VALUES ('125', 'Đồng hồ nữ SKMEI', '11');
INSERT INTO `loaisanpham3` VALUES ('127', 'Đồng hồ nữ Julius', '11');
INSERT INTO `loaisanpham3` VALUES ('128', 'Tranh, ảnh', '18');
INSERT INTO `loaisanpham3` VALUES ('129', 'Đèn trang trí', '18');
INSERT INTO `loaisanpham3` VALUES ('130', 'Đồ thờ bằng gỗ', '19');
INSERT INTO `loaisanpham3` VALUES ('131', 'Tượng phật', '19');

-- ----------------------------
-- Table structure for nguoichan
-- ----------------------------
DROP TABLE IF EXISTS `nguoichan`;
CREATE TABLE `nguoichan` (
  `idNguoichan` int(11) DEFAULT NULL,
  `idSanpham` int(11) DEFAULT NULL,
  KEY `fk_CHANNGUOI_USER` (`idNguoichan`),
  KEY `fk_CHANNGUOI_SANPHAM` (`idSanpham`),
  CONSTRAINT `fk_CHANNGUOI_SANPHAM` FOREIGN KEY (`idSanpham`) REFERENCES `sanpham` (`idSANPHAM`) ON DELETE NO ACTION ON UPDATE NO ACTION,
  CONSTRAINT `fk_CHANNGUOI_USER` FOREIGN KEY (`idNguoichan`) REFERENCES `user` (`idUSER`) ON DELETE NO ACTION ON UPDATE NO ACTION
) ENGINE=InnoDB DEFAULT CHARSET=latin1;

-- ----------------------------
-- Records of nguoichan
-- ----------------------------

-- ----------------------------
-- Table structure for sanpham
-- ----------------------------
DROP TABLE IF EXISTS `sanpham`;
CREATE TABLE `sanpham` (
  `idSANPHAM` int(11) NOT NULL AUTO_INCREMENT,
  `LOAISANPHAM3_idLOAISP3` int(11) NOT NULL,
  `tensanpham` varchar(100) DEFAULT NULL,
  `motasanphamngangon` varchar(10000) DEFAULT NULL,
  `motasanphamfull` varchar(5000) DEFAULT NULL,
  `gia` float DEFAULT NULL,
  `hinhanh` varchar(0) DEFAULT NULL,
  `giamualien` float DEFAULT NULL,
  `idnguoiban` int(11) NOT NULL,
  `thoigianbatdauban` datetime DEFAULT NULL,
  `thoigiankethuc` datetime DEFAULT NULL,
  `idnguoithang` int(11) NOT NULL,
  `buocgia` float DEFAULT NULL,
  `soluotdaugia` int(11) DEFAULT NULL,
  `conhan` bit(1) DEFAULT NULL,
  PRIMARY KEY (`idSANPHAM`,`idnguoiban`,`idnguoithang`),
  KEY `fk_SANPHAM_USER1_idx` (`idnguoiban`) USING BTREE,
  KEY `fk_SANPHAM_USER2_idx` (`idnguoithang`) USING BTREE,
  KEY `fk_SanphamLoai3` (`LOAISANPHAM3_idLOAISP3`),
  KEY `idSANPHAM` (`idSANPHAM`),
  CONSTRAINT `fk_SANPHAM_USER1` FOREIGN KEY (`idnguoiban`) REFERENCES `user` (`idUSER`) ON DELETE NO ACTION ON UPDATE CASCADE,
  CONSTRAINT `fk_SANPHAM_USER2` FOREIGN KEY (`idnguoithang`) REFERENCES `user` (`idUSER`) ON DELETE NO ACTION ON UPDATE CASCADE,
  CONSTRAINT `fk_SanphamLoai3` FOREIGN KEY (`LOAISANPHAM3_idLOAISP3`) REFERENCES `loaisanpham3` (`idLOAISP3`) ON DELETE NO ACTION ON UPDATE CASCADE
) ENGINE=InnoDB AUTO_INCREMENT=262 DEFAULT CHARSET=utf8;

-- ----------------------------
-- Records of sanpham
-- ----------------------------
INSERT INTO `sanpham` VALUES ('1', '1', 'HTC One A9 16GB', '<ul>\r\n	<li>Màn hình:AMOLED 16 triệu màu, 5.0\", 1080 x 1920 pixels</li>\r\n	<li>Camera sau:13 MP, Quay phim FullHD 1080p@30fps</li>\r\n	<li>Camera trước:4 Ultra pixel</li>\r\n	<li>Hệ điều hành:Android 6.0 (Marshmallow)</li>\r\n	<li>CPU:Qualcomm Snapdragon 617, 8 nhân, 1.5 GHz</li>\r\n	<li>Chip đồ hoạ:Adreno 405</li>\r\n	<li>RAM:2 GB</li>\r\n	<li>Bộ nhớ trong:16 GB</li>\r\n	<li>Hỗ trợ thẻ tối đa:2 TB</li>\r\n	<li>Số khe SIM:1 Sim, Nano SIM</li>\r\n	<li>Dung lượng pin:2150 mAh</li>\r\n	<li>Kết nối:Wi-Fi hotspot, Wi-Fi 802.11 a/b/g/n/ac, Dual-band</li>\r\n</ul>', '<ul>\r\n	<li>Màn hình:AMOLED 16 triệu màu, 5.0\", 1080 x 1920 pixels</li>\r\n	<li>Camera sau:13 MP, Quay phim FullHD 1080p@30fps</li>\r\n	<li>Camera trước:4 Ultra pixel</li>\r\n	<li>Hệ điều hành:Android 6.0 (Marshmallow)</li>\r\n	<li>CPU:Qualcomm Snapdragon 617, 8 nhân, 1.5 GHz</li>\r\n	<li>Chip đồ hoạ:Adreno 405</li>\r\n	<li>RAM:2 GB</li>\r\n	<li>Bộ nhớ trong:16 GB</li>\r\n	<li>Hỗ trợ thẻ tối đa:2 TB</li>\r\n	<li>Số khe SIM:1 Sim, Nano SIM</li>\r\n	<li>Dung lượng pin:2150 mAh</li>\r\n	<li>Kết nối:Wi-Fi hotspot, Wi-Fi 802.11 a/b/g/n/ac, Dual-band</li>\r\n</ul>', '11390000', null, '1200000', '1', '2017-06-14 15:00:24', '2017-06-18 15:00:26', '2', '100000', '2', '\0');
INSERT INTO `sanpham` VALUES ('2', '1', 'HTC ONE M10 32GB', 'Kích cỡ màn hình: Super LCD5; 5.2\" Quad HD 1440 x 2560 pixels (~565 ppi); Corning Gorilla Glass 4\r\nBộ nhớ trong: 32 GB\r\nRAM: 4 GB\r\nKhe cắm thẻ nhớ: Hỗ trợ thẻ nhớ MicroSD lên đến 2 TB\r\nCamera chính: 12MP \r\nCamera phụ: 5MP\r\nHệ điều hành: Android™ 6 với HTC Sense\r\nBộ xử lý: Lõi tứ; 64bit; xung nhịp lên đến 2.2GHz\r\nChipset: Qualcomm® Snapdragon™ 820; GPU: Adreno 530\r\nPin chuẩn: Li-Ion 3000mAh', '1. THIẾT KẾ:\r\n+ Với thiết kế đã trở nên nhàm chán của dòng sản phẩm cao cấp “One-Series” trong suốt 3 năm qua. HTC sẽ thổi một làn gió mới vào thiết kế mẫu sản phẩm chủ lực One M10 sắp được tung ra trong thời gian tới đây.\r\n+ Được biết, máy được thiết kế kính – kim loại thừa hưởng thiết kế dòng sản phẩm One A9 với vóc dáng mảnh mai và các góc cạnh cũng được bo cong mềm mại hơn. Nhằm tạo ra điểm nhấn, các cạnh mặt sau của One M10 đều sẽ được vát bằng cắt kim cương sắc nét.\r\n+ Yếu tố cấp tiến nhất trên 10 chính là mặt sau được vát cong để cầm vừa tay. Thứ bạn không thể thấy trên 10 chính là cặp loa phía trước đặc trưng của HTC. Thay vào đó, 10 có loa tweeter ở và loa woofer đặt ở cạnh đáy thiết bị, mỗi loa lại có bộ khuếch đại riêng. Âm thanh phát ra từ 10 lớn, chất lượng, cạnh tranh được với các máy khác. Ngoài ra, HTC còn phát triển ứng dụng riêng cho phép bạn tùy biến đầu ra đến tai và tai nghe cụ thể.\r\n2. MÀN HÌNH:\r\nMàn hình Quad HD 5.2 inch sáng và sắc nét. 10 còn có máy quét vân tay đặt dưới màn hình để mở khóa cũng như xác thực, các nút bấm khác như âm lượng, nút nguồn, cảm ứng điện dung đều hoạt động tốt như bạn mong đợi.\r\n3. CẤU HÌNH:\r\n+ Về cấu hình, One M10 chắc chắn sẽ được cung cấp những thông số mạnh mẽ nhất hiện tại. Bên trong của HTC 10 quen thuộc với bất kỳ ai đang dùng điện thoại cao cấp: chip Snapdragon 820, RAM 4GB, bộ nhớ 32GB có thể mở rộng qua thẻ nhớ microSD. Đặc biệt, camera mặt sau của máy sẽ được cải tiến cực kỳ mạnh mẽ với độ phân giải 12MP theo công nghệ Ultrapixel. Camera trước cũng hỗ trợ Ultrapixel nhưng độ phân giải kém hơn với 5MP.\r\n+ Ngoài ra, cảm biến nhận diện vân tay, giao diện Sense 8.0 được tối ưu và mượt mà hơn. Nó là thiết bị nhanh và nhạy: các ứng dụng mở nhanh chóng, không có độ trễ đáng kể. HTC tiết lộ đã tối ưu hóa cả phần cứng lẫn phần mềm để cải thiện phản hồi chạm, hiệu suất thực tế của máy chứng tỏ nỗ lực của HTC đã được đền đáp.\r\n4. PHẦN MỀM:\r\n+ Có lẽ phần ấn tượng nhất của 10 đến từ phần mềm. Khi các model cũ của HTC thường bị than phiền vì các ứng dụng giống nhau, giao diện nặng nề, kỳ lạ, 10 lại chỉ dùng 1 trình duyệt, 1 ứng dụng lịch, 1 ứng dụng nhạc… HTC nỗ lực thiết kế ứng dụng riêng theo ngôn ngữ thiết kế Material Design của Google.\r\n+ HTC tùy biến giao diện nhiều để không thể bị phân biệt với các phiênbản Android khác mà Google đang cài trên Nexus. Nó dễ nhìn, dễ dùng và bạn đang dùng Nexus rồi chuyển sang 10, bạn sẽ không hề bị bỡ ngỡ mà dễ chịu hơn nhiều. Chúng khiến trải nghiệm 10 trở nên thống nhất hơn mọi điện thoại Android khác. Sự tuân thủ triệt để hướng dẫn của Google của HTC làm cho người dùng không có cảm giác đang sử dụng phần mềm do hai nhóm khác nhau phát triển khi luân chuyển giữa các ứng dụng.\r\n+ Nếu muốn tùy chỉnh giao diện, tính năng chủ đề của HTC đã được mở rộng với sticker và phong cách tự do, cho phép bạn đặt các widget và shortcut vào bất kỳ đâu trên màn hình thay vì bị giới hạn trong một lưới.\r\n6. CAMERA:\r\n+ Camera trên 10 cũng là một tính năng quen thuộc. Máy dùng cảm', '13490000', null, '1400000', '2', '2017-06-19 15:01:47', '2017-06-23 15:01:51', '1', '100000', '0', '\0');
INSERT INTO `sanpham` VALUES ('3', '1', 'iPhone 6 Plus', 'Màn hình:	LED-backlit IPS LCD, 5.5\", Retina HD\r\nHệ điều hành:	iOS 9\r\nCamera sau:	8 MP\r\nCamera trước:	1.2 MP\r\nCPU:	Apple A8 2 nhân 64-bit\r\nRAM:	1 GB\r\nBộ nhớ trong:	16 GB\r\nThẻ nhớ:	Không\r\nThẻ SIM:	1 Nano SIM\r\nDung lượng pin:	2915 mAh', 'Màn hình:	LED-backlit IPS LCD, 5.5\", Retina HD\r\nHệ điều hành:	iOS 9\r\nCamera sau:	8 MP\r\nCamera trước:	1.2 MP\r\nCPU:	Apple A8 2 nhân 64-bit\r\nRAM:	1 GB\r\nBộ nhớ trong:	16 GB\r\nThẻ nhớ:	Không\r\nThẻ SIM:	1 Nano SIM\r\nDung lượng pin:	2915 mAh', '12000000', null, '1400000', '3', '2017-06-20 15:04:42', '2017-06-29 15:04:46', '2', '100000', '1', '');
INSERT INTO `sanpham` VALUES ('4', '1', 'iPhone 6s', 'Màn hình:	LED-backlit IPS LCD, 4.7\", Retina HD\r\nHệ điều hành:	iOS 9\r\nCamera sau:	12 MP\r\nCamera trước:	5 MP\r\nCPU:	Apple A9 2 nhân 64-bit\r\nRAM:	2 GB\r\nBộ nhớ trong:	128 GB\r\nThẻ nhớ:	Không\r\nThẻ SIM:	1 Nano SIM\r\nDung lượng pin:	1715 mAh', 'Màn hình:	LED-backlit IPS LCD, 4.7\", Retina HD\r\nHệ điều hành:	iOS 9\r\nCamera sau:	12 MP\r\nCamera trước:	5 MP\r\nCPU:	Apple A9 2 nhân 64-bit\r\nRAM:	2 GB\r\nBộ nhớ trong:	128 GB\r\nThẻ nhớ:	Không\r\nThẻ SIM:	1 Nano SIM\r\nDung lượng pin:	1715 mAh', '18890000', null, '2000000', '2', '2017-06-13 15:06:04', '2017-06-18 15:06:08', '1', '100000', '2', '\0');
INSERT INTO `sanpham` VALUES ('5', '1', 'iPhone 7', 'Màn hình:	LED-backlit IPS LCD, 4.7\", Retina HD\r\nHệ điều hành:	iOS 10\r\nCamera sau:	12 MP\r\nCamera trước:	7 MP\r\nCPU:	Apple A10 Fusion 4 nhân 64-bit\r\nRAM:	2 GB\r\nBộ nhớ trong:	256 GB\r\nThẻ nhớ:	Không\r\nThẻ SIM:	1 Nano SIM, hỗ trợ 4G\r\nDung lượng pin:	1960 mAh', 'Màn hình:	LED-backlit IPS LCD, 4.7\", Retina HD\r\nHệ điều hành:	iOS 10\r\nCamera sau:	12 MP\r\nCamera trước:	7 MP\r\nCPU:	Apple A10 Fusion 4 nhân 64-bit\r\nRAM:	2 GB\r\nBộ nhớ trong:	256 GB\r\nThẻ nhớ:	Không\r\nThẻ SIM:	1 Nano SIM, hỗ trợ 4G\r\nDung lượng pin:	1960 mAh', '21990000', null, '2200000', '1', '2017-06-05 15:07:33', '2017-06-07 15:07:36', '2', '100000', '0', '\0');
INSERT INTO `sanpham` VALUES ('6', '1', 'iPhone 7 Plus', 'Màn hình:	LED-backlit IPS LCD, 5.5\", Retina HD\r\nHệ điều hành:	iOS 10\r\nCamera sau:	Hai camera 12 MP\r\nCamera trước:	7 MP\r\nCPU:	Apple A10 Fusion 4 nhân 64-bit\r\nRAM:	3 GB\r\nBộ nhớ trong:	256 GB\r\nThẻ nhớ:	Không\r\nThẻ SIM:	1 Nano SIM, hỗ trợ 4G\r\nDung lượng pin:	2900 mAh', 'Màn hình:	LED-backlit IPS LCD, 5.5\", Retina HD\r\nHệ điều hành:	iOS 10\r\nCamera sau:	Hai camera 12 MP\r\nCamera trước:	7 MP\r\nCPU:	Apple A10 Fusion 4 nhân 64-bit\r\nRAM:	3 GB\r\nBộ nhớ trong:	256 GB\r\nThẻ nhớ:	Không\r\nThẻ SIM:	1 Nano SIM, hỗ trợ 4G\r\nDung lượng pin:	2900 mAh', '25990000', null, '2700000', '1', '2017-06-06 15:08:48', '2017-06-09 15:08:51', '2', '100000', '0', '\0');
INSERT INTO `sanpham` VALUES ('7', '1', 'Mobiistar Lai Yuna X', 'Màn hình: 5 inchs (720 x 1280 pixels) Camera: Chính: 13.0 MP, Phụ: 8.0 MP RAM: 2GB ROM: 16GB Hệ điều hành: Android 6 (Marshmallow) CPU: MT6737, 4 nhân 1.3GHz GPU: Mali-T720MP2 Thẻ nhớ: Hỗ trợ lên đến 32GB SIM: 2SIM, có 4G Pin: 2500mAh', 'Màn hình: 5 inchs (720 x 1280 pixels) Camera: Chính: 13.0 MP, Phụ: 8.0 MP RAM: 2GB ROM: 16GB Hệ điều hành: Android 6 (Marshmallow) CPU: MT6737, 4 nhân 1.3GHz GPU: Mali-T720MP2 Thẻ nhớ: Hỗ trợ lên đến 32GB SIM: 2SIM, có 4G Pin: 2500mAh', '1900000', null, '2300000', '3', '2017-06-13 15:10:29', '2017-06-16 15:10:32', '2', '100000', '0', '\0');
INSERT INTO `sanpham` VALUES ('8', '1', 'Mobiistar Prime X1', 'Màn hình : 5.5 inch (720 x 1280 pixels)\r\nCamera : Chính: 13.0 MP, Phụ: 8.0 MP\r\nRAM : 3 GB\r\nBộ nhớ trong : 16 GB\r\nHệ điều hành : Android 6.0 (Marshmallow)\r\nChipset : MTK MT6737\r\nCPU : Quad-Core Cortex A53 1.3GHz\r\nKích thước : 154.4 x 78.7 x 9.1mm\r\nGPU : Mali-T720MP2', 'Cấu hình Mobiistar Prime X1 vượt trội trong tầm giá \r\n\r\nMột trong những đặc điểm ưu điểm của Prime X1 là cấu hình của smartphone trong tầm giá. Prime X1 được nâng cấp lên RAM 3 GB, cùng với chip lõi tứ MT 6737, ROM 16 GB, pin 3000 mAh và cài sẵn nền tảng Android 6.0 Marshmallow, đáp ứng nhu cầu trải nghiệm làm việc, giải trí hiệu quả cả ngày dài.\r\n\r\n \r\n\r\nThiết kế Prime X1 nổi bật\r\n\r\nPrime X1 mang thiết kế nhôm nguyên khối thuần nhất, chắc chắn với các cạnh được bo cong mềm mại mang đến cảm giác thoải mái cho người dùng, kết hợp với sắc màu xu hướng, đem lại cảm giác sang trọng khi cầm trên tay. \r\n\r\n \r\n\r\nĐiện thoại Mobiistar Prime X1 sở hữu màn hình rộng rãi \r\n\r\nMáy có màn hình 5.5 inch HD IPS rộng rãi. Mặt kính cong 2,5D  xu hướng tạo nên sự liền mạch, trơn tru khi vuốt tay từ màn hình xuống cạnh, cho trải nghiệm thị giác sống động, mượt mà và đẹp mắt.\r\n\r\nCảm biến vân tay thời thượng \r\n\r\nVới người dùng phân khúc tầm trung, cảm biến vân tay vẫn còn là một tính năng lạ lẫm và đem lại nhiều trải nghiệm mới mẻ. Với nhiều ứng dụng hữu ích trong cuộc sống hằng ngày như: Bảo mật hiệu quả, chạm mở khoá ứng dụng nhanh chóng, chụp ảnh, tắt báo thức, chạm giữ cuộc gọi liền mạch. Cảm biến vân tay trên Prime X1 chắc chắn sẽ mang lại sự hài lòng cho bạn. \r\n\r\nCamera Prime X1 chất lượng \r\n\r\nPrime X1 sở hữu bộ đôi camera với độ phân giải lần lượt là 13 MP và 8 MP với nhiều ưu điểm nổi bật. Camera sau “mắt vàng” mang độ phân giải 13 MP, sở hữu cảm biến ISOCELL của Samsung, kết hợp với công nghệ tự động lấy nét theo pha và flash LED kép trợ sáng, ảnh chụp từ camera sau của Prime X1 trở nên chi tiết và trung thực trong nhiều điều kiện ánh sáng. Camera selfie được tích hợp chế độ “selfie 20” với tính năng “Làm đẹp gương mặt” giúp xoá mụn, nếp nhăn và làm da trắng hồng cho những bức ảnh thêm trẻ trung, rạng rỡ, dễ dàng giúp xây dựng hình ảnh bản thân trên mạng xã hội.', '3290000', null, '400000', '1', '2017-06-22 15:16:10', '2017-06-25 15:16:14', '3', '100000', '1', '');
INSERT INTO `sanpham` VALUES ('9', '1', 'Nokia Lumia 530 4GB', 'Camera sau (Megapixels)  5\r\nKích thước màn hình 4.0\r\nPhiên bản hệ điều hành Windows Phone 8.1\r\nDung lượng lưu trữ 4\r\nLoại pin 1430mAh\r\nTốc độ CPU (GHz) 1.20\r\nĐộ phân giải màn hình (pixels) 480 x 854 Pixels\r\nLoại màn hình FWVGA\r\nĐộ phân giải camera (MP) 5.0\r\nHỗ trợ thẻ nhớ 128GB', 'Nokia Lumia 530 là một đại diện mới từ bộ đôi Microsoft và Nokia hứa hẹn mang đến luồng gió mới cho thị trường điện thoại giá rẻ. Điện thoại Nokia Lumia 530 được cài đặt sẵn hệ điều hành Windows Phone 8.1, bên cạnh màn hình 4inch cùng nhiều cải tiến hơn so với đàn anh 520 hứa hẹn mang lại những trải nghiệm tốt hơn. Cũng với diện mạo trẻ trung và cá tính, đây sẽ là chiếc smartphone bạn không nên bỏ qua.\r\nTÍNH NĂNG NỔI BẬT\r\nTrẻ trung và lôi cuốn\r\nNokia Lumia 530 mang đến nét trẻ trung và sự khác biệt với lớp vỏ ngoài rực rỡ. Dù là màu xanh lá, hay màu cam, chiếc điện thoại  này vẫn tôn vinh nét cá tính của bạn. Dẫu cho màu sắc bạn lựa chọn không phù hợp với tâm trạng, bạn có thể dễ dàng chuyển sang một ốp lưng mới với màu sắc bạn yêu thích.\r\nNhiều tính năng mạnh mẽ\r\nSở hữu đầy đủ sức mạnh từ chip xử lý lõi tứ Qualcomm Snapdragon 200 1.2GHz và phiên bản Windows Phone mới nhất, Lumia 530 sẽ mang lại những trải nghiệm tuyệt vời hơn bất kể ứng dụng yêu thích nào. Dù bạn đang nhắn tin, lướt mạng xã hội hay chơi game, Nokia Lumia 530 luôn đủ khả năng để đáp ứng.\r\nLưu trữ mọi thứ trong cuộc sống của bạn\r\nKhông chỉ lưu trữ trên máy cùng bộ nhớ trong 4GB và khe cắm thẻ nhớ MicroSD hỗ trợ lên đến 128GB, ứng dụng OneDrive còn cho phép bạn thoải mái lưu trữ và đồng bộ các tập tin quan trọng của bạn trên nhiều thiết bị. Với 15GB dung lượng lưu trữ miễn phí, bạn sẽ luôn có đủ chỗ cho mọi thứ mình cần. Ngoài ra, Nokia Lumia 530  được cài sẵn ứng dụng Microsoft Office để bạn sẵn sàng giải quyết công việc ở bất kỳ nơi đâu.', '805000', null, '1000000', '1', '2017-06-20 15:17:53', '2017-06-22 15:17:56', '2', '100000', '0', '\0');
INSERT INTO `sanpham` VALUES ('10', '1', 'OPPO A37 (Neo 9)', 'Chipset: Qualcomm Snapdragon 410\r\nRAM: 2 GB\r\nROM: 16 GB\r\nOPPO A37 (hay còn gọi là OPPO Neo 9) là sản phẩm kế thừa sự thành công của Neo 7, với khung kim loại, mặt lưng giả kim và màn hình cong 2,5D được bảo vệ bởi kính cường lực Gorilla Glass 4. Ở phân khúc dưới 5 triệu đồng, đây là một thiết kế khá tốt khi so với những đối thủ trong tầm giá.\r\n', 'Thiết kế Oppo A37 cứng cáp với khung kim loại\r\n\r\nMàn hình : 5.0 inch (1280 x 720 pixels)\r\nCamera : Camera: Chính 8.0 MP, Phụ 5.0MP\r\nRAM : 2 GB\r\nBộ nhớ trong : 16 GB\r\nHệ điều hành : ColorOS 3.0(Android 5.1)\r\nChipset : Qualcomm Snapdragon 410\r\nCPU : Quad core 1.2 Ghz\r\nGPU : Adreno 306\r\nKích thước : 143.1 x 71 x 7.68 mm\r\n', '3290000', null, '4000000', '2', '2017-06-20 15:19:14', '2017-06-23 15:19:17', '1', '100000', '0', '\0');
INSERT INTO `sanpham` VALUES ('11', '1', 'OPPO F1s 2017 64GB', 'SKU	OP223ELAA2PSYWVNAMZ-4661401\r\nCamera Back	11-15MP\r\nCamera trước	7 MP trở lên\r\nScreen Size (inches)	5.5\r\nMẫu mã	OPPO F1s 2017 64GB\r\nNetwork Connections	4G - LTE\r\nHệ điều hành	Android\r\nOperating System Version	Lolipop\r\nKích thước sản phẩm (D x R x C cm)	15x0.6x0.6\r\nTrọng lượng (KG)	0.6', 'So với đời 2016, chiếc OPPO F1s 2017 nâng cấp hai thứ: RAM từ 3 GB lên thành 4 GB, bộ nhớ trong tăng từ 32 GB lên thành 64 GB. Giá của bản 2017 cũng cao hơn 1 triệu đồng so với bản 2016. Ở mức giá 6.990.000 này,  OPPO F1s 2017 có 2 thứ hợp lý cũng chính là RAM và ROM. Còn những thứ chưa hợp lý bao gồm chip MediaTek, Android 5.1 cũ kỹ và màn hình 720p.\r\nBộ nhớ 64 GB là rất dư dả nếu chỉ dùng để lưu ảnh chụp. Bạn có thể nghĩ đến việc lưu thêm nhiều thứ hơn trong chiếc điện thoại này ví dụ như phim, nhạc hoặc dùng điện thoại như là một cái USB di động để mang đến trường học hoặc công ty.\r\n​\r\nNgoại hình của OPPO F1s 2017 y hệt bản 2016. Máy chỉ có hai màu: Gold hoặc Rose Gold. Nếu bạn muốn có một lựa chọn trung lập và để sau này dễ bán lại thì buộc bạn phải chọn màu Gold hơn là Rose Gold. Màu Gold nhìn thực tế rất nhạt, có lúc lại khá giống với Rose Gold với tông màu hồng nhạt hơn. Hơi tiếc là OPPO F1s 2017 không có những màu cơ bản như Black hay Silver cho chúng ta dễ chọn. Cả hai màu của F1s đều hơi nữ tính.', '5200000', null, '6000000', '3', '2017-06-14 15:20:02', '2017-06-17 15:20:06', '1', '100000', '0', '\0');
INSERT INTO `sanpham` VALUES ('12', '1', 'Samsung A9 Pro 2016 32GB Ram 4GB', 'Nổi bật với kính cường lực 2.5D và khung kim loại cao cấp\r\nMàn hình: 6\", Full HD, Super AMOLED\r\nHĐH: Android 6.0 (Marshmallow)\r\nCPU: Snapdragon 652 8 nhân\r\nRAM: 4 GB, ROM: 32 GB\r\nCamera: 16 MP, Selfie: 8 MP - khẩu độ f1.9\r\nCảm biến vân tay\r\nPin 5.000mAh sạc nhanh\r\nKết nối Wifi,2G,3G,4G, Bluetooth,OTG\r\nXuất xứ: Việt Nam', 'Nổi bật với kính cường lực 2.5D và khung kim loại cao cấp\r\nMàn hình: 6\", Full HD, Super AMOLED\r\nHĐH: Android 6.0 (Marshmallow)\r\nCPU: Snapdragon 652 8 nhân\r\nRAM: 4 GB, ROM: 32 GB\r\nCamera: 16 MP, Selfie: 8 MP - khẩu độ f1.9\r\nCảm biến vân tay\r\nPin 5.000mAh sạc nhanh\r\nKết nối Wifi,2G,3G,4G, Bluetooth,OTG\r\nXuất xứ: Việt Nam', '7590000', null, '9000000', '1', '2017-06-14 15:26:08', '2017-06-15 15:26:12', '2', '100000', '0', '\0');
INSERT INTO `sanpham` VALUES ('13', '1', 'Samsung Galaxy A9 Pro', 'Màn hình:	Super AMOLED, 6\", Full HD\r\nHệ điều hành:	Android 6.0 (Marshmallow)\r\nCamera sau:	16 MP\r\nCamera trước:	8 MP\r\nCPU:	Qualcomm Snapdragon 652 8 nhân\r\nRAM:	4 GB\r\nBộ nhớ trong:	32 GB\r\nThẻ nhớ:	MicroSD, hỗ trợ tối đa 256 GB\r\nThẻ SIM:	2 Nano SIM\r\nDung lượng pin:	5000 mAh, có sạc nhanh', 'Màn hình:	Super AMOLED, 6\", Full HD\r\nHệ điều hành:	Android 6.0 (Marshmallow)\r\nCamera sau:	16 MP\r\nCamera trước:	8 MP\r\nCPU:	Qualcomm Snapdragon 652 8 nhân\r\nRAM:	4 GB\r\nBộ nhớ trong:	32 GB\r\nThẻ nhớ:	MicroSD, hỗ trợ tối đa 256 GB\r\nThẻ SIM:	2 Nano SIM\r\nDung lượng pin:	5000 mAh, có sạc nhanh', '10900000', null, '12000000', '2', '2017-06-22 15:27:16', '2017-06-22 15:27:20', '1', '100000', '1', '\0');
INSERT INTO `sanpham` VALUES ('14', '1', 'Samsung Galaxy C9 Pro', 'Màn hình:	Super AMOLED, 6\", Full HD\r\nHệ điều hành:	Android 6.0 (Marshmallow)\r\nCamera sau:	16 MP\r\nCamera trước:	16 MP\r\nCPU:	Snapdragon 653 8 nhân 64-bit\r\nRAM:	6 GB\r\nBộ nhớ trong:	64 GB\r\nThẻ nhớ:	MicroSD, hỗ trợ tối đa 256 GB\r\nThẻ SIM:	2 Nano SIM, hỗ trợ 4G\r\nDung lượng pin:	4000 mAh, có sạc nhanh', 'Màn hình:	Super AMOLED, 6\", Full HD\r\nHệ điều hành:	Android 6.0 (Marshmallow)\r\nCamera sau:	16 MP\r\nCamera trước:	16 MP\r\nCPU:	Snapdragon 653 8 nhân 64-bit\r\nRAM:	6 GB\r\nBộ nhớ trong:	64 GB\r\nThẻ nhớ:	MicroSD, hỗ trợ tối đa 256 GB\r\nThẻ SIM:	2 Nano SIM, hỗ trợ 4G\r\nDung lượng pin:	4000 mAh, có sạc nhanh', '11490000', null, '12000000', '1', '2017-06-14 15:29:57', '2017-06-15 15:30:01', '3', '100000', '0', '\0');
INSERT INTO `sanpham` VALUES ('15', '1', 'Samsung Galaxy J7 Prime', 'Màn hình:	Super AMOLED, 6\", Full HD\r\nHệ điều hành:	Android 6.0 (Marshmallow)\r\nCamera sau:	16 MP\r\nCamera trước:	16 MP\r\nCPU:	Snapdragon 653 8 nhân 64-bit\r\nRAM:	6 GB\r\nBộ nhớ trong:	64 GB\r\nThẻ nhớ:	MicroSD, hỗ trợ tối đa 256 GB\r\nThẻ SIM:	2 Nano SIM, hỗ trợ 4G\r\nDung lượng pin:	4000 mAh, có sạc nhanhMàn hình:	PLS TFT LCD, 5.5\", Full HD\r\nHệ điều hành:	Android 6.0 (Marshmallow)\r\nCamera sau:	13 MP\r\nCamera trước:	8 MP\r\nCPU:	Exynos 7870 8 nhân 64-bit\r\nRAM:	3 GB\r\nBộ nhớ trong:	32 GB\r\nThẻ nhớ:	MicroSD, hỗ trợ tối đa 256 GB\r\nThẻ SIM:	2 Nano SIM, hỗ trợ 4G\r\nMàn hình:	PLS TFT LCD, 5.5\", Full HD\r\nHệ điều hành:	Android 6.0 (Marshmallow)\r\nCamera sau:	13 MP\r\nCamera trước:	8 MP\r\nCPU:	Exynos 7870 8 nhân 64-bit\r\nRAM:	3 GB\r\nBộ nhớ trong:	32 GB\r\nThẻ nhớ:	MicroSD, hỗ trợ tối đa 256 GB\r\nThẻ SIM:	2 Nano SIM, hỗ trợ 4G\r\nDung lượng pin:	3300 mAh', 'Màn hình:	PLS TFT LCD, 5.5\", Full HD\r\nHệ điều hành:	Android 6.0 (Marshmallow)\r\nCamera sau:	13 MP\r\nCamera trước:	8 MP\r\nCPU:	Exynos 7870 8 nhân 64-bit\r\nRAM:	3 GB\r\nBộ nhớ trong:	32 GB\r\nThẻ nhớ:	MicroSD, hỗ trợ tối đa 256 GB\r\nThẻ SIM:	2 Nano SIM, hỗ trợ 4G\r\nDung lượng pin:	3300 mAh', '5900000', '', '7000000', '7', '2017-05-16 15:38:21', '2017-06-08 15:38:25', '8', '100000', '1', '\0');
INSERT INTO `sanpham` VALUES ('16', '1', 'Samsung Galaxy S7 Edge', 'Kiểu dáng: Vỏ hợp kim nguyên khối\r\nMàn hình: 5.1 inch (1440 x 2560 pixels)\r\nRAM: 4GB Bộ nhớ trong: 32GB\r\nHệ điều hành: Android 6.0 (Marshmallow)\r\nChipset: Qualcomm MSM8996 Snapdragon 820 GPU: Adreno 530\r\nCamera: Trước 5.0 MP; Sau: 12 MP\r\nDung lượng pin : Liion 3000 mAh 1 Nano SIM\r\nTính năng khác: Màn hình 2k; chống nước; bảo mật vân tay; sạc nhanh; sạc không dây tốc độ cao; hỗ trợ thẻ nhớ ngoài', 'Kiểu dáng: Vỏ hợp kim nguyên khối\r\nMàn hình: 5.1 inch (1440 x 2560 pixels)\r\nRAM: 4GB Bộ nhớ trong: 32GB\r\nHệ điều hành: Android 6.0 (Marshmallow)\r\nChipset: Qualcomm MSM8996 Snapdragon 820 GPU: Adreno 530\r\nCamera: Trước 5.0 MP; Sau: 12 MP\r\nDung lượng pin : Liion 3000 mAh 1 Nano SIM\r\nTính năng khác: Màn hình 2k; chống nước; bảo mật vân tay; sạc nhanh; sạc không dây tốc độ cao; hỗ trợ thẻ nhớ ngoài', '15490000', null, '17000000', '5', '2017-06-13 15:39:03', '2017-06-22 15:39:06', '4', '100000', '0', '\0');
INSERT INTO `sanpham` VALUES ('17', '1', 'Samsung Galaxy S8 64G Ram 4GB 5.8inch', 'Màn hình:	Super AMOLED, 5.8\", Quad HD (2K)\r\nHệ điều hành:	Android 7.0\r\nCamera sau:	12 MP\r\nCamera trước:	8 MP\r\nCPU:	Exynos 8895 8 nhân 64-bit\r\nRAM:	4 GB\r\nBộ nhớ trong:	64 GB', 'Màn hình:	Super AMOLED, 5.8\", Quad HD (2K)\r\nHệ điều hành:	Android 7.0\r\nCamera sau:	12 MP\r\nCamera trước:	8 MP\r\nCPU:	Exynos 8895 8 nhân 64-bit\r\nRAM:	4 GB\r\nBộ nhớ trong:	64 GB', '18490000', null, '20000000', '9', '2017-06-22 15:39:48', '2017-06-22 15:39:51', '3', '100000', '0', '\0');
INSERT INTO `sanpham` VALUES ('18', '1', 'Sony Xperia X', 'Màn hình : 5.0 inch (1080 x 1920 pixels)\r\nCamera : Chính: 23.0 MP, Phụ: 13.0 MP\r\nRAM : 3 GB\r\nBộ nhớ trong : 64 GB\r\nHệ điều hành : Android 6.0 (Marshmallow)\r\nChipset : Qualcomm MSM8956 Snapdragon 650\r\nCPU : Dual-core 1.8 GHz & Quad-core 1.4 GHz\r\nKích thước : 142.7 x 69.4 x 7.9 mm\r\nGPU : Adreno 510', 'Màn hình : 5.0 inch (1080 x 1920 pixels)\r\nCamera : Chính: 23.0 MP, Phụ: 13.0 MP\r\nRAM : 3 GB\r\nBộ nhớ trong : 64 GB\r\nHệ điều hành : Android 6.0 (Marshmallow)\r\nChipset : Qualcomm MSM8956 Snapdragon 650\r\nCPU : Dual-core 1.8 GHz & Quad-core 1.4 GHz\r\nKích thước : 142.7 x 69.4 x 7.9 mm\r\nGPU : Adreno 510', '7900000', null, '8500000', '10', '2017-06-22 15:41:04', '2017-06-23 15:41:07', '9', '100000', '0', '\0');
INSERT INTO `sanpham` VALUES ('19', '1', 'Sony Xperia XA 16GB', 'Màn hình IPS LCD 5\" HD\r\nHệ điều hành Android 6.0 (Marshmallow)\r\nCamera sau 13 MP\r\nCamera trước 8 MP\r\nCPU Helio P10 8 nhân 64-bit, 2.0 GHz\r\nRAM 2GB\r\nBộ nhớ trong 16GB\r\nHỗ trợ thẻ nhớ MicroSD, 200GB\r\n2 SIM 2 sóng, Nano SIM\r\nKết nối WiFi, 3G, 4G LTE Cat 4\r\nDung lượng pin 2300 mAh\r\nThiết kế:Nguyên khối\r\nChức năng đặc biệt Sạc pin nhanh', 'Điện thoại Sony Xperia XA thuộc series Xperia X được giới thiệu lần đầu tại MWC 2016. Máy được xem là bước đi mới của thương hiệu điện thoại đến từ “xứ sở hoa anh đào” nhằm định hình lại dòng sản phẩm trong phân khúc tầm trung của hãng. Qua đó, tạo sức cạnh tranh mới trên thị trường smartphone đang ngày càng khốc liệt. Sony Xperia XA được đổi mới với một thiết kế đẹp mắt. Cấu hình mạnh mẽ với vi xử lý 64-bit 8nhân và camera được đầu tư kỹ lưỡng. Sản phẩm hứa hẹn sẽ thu hút được nhiều sự quan tâm của giới công nghệ cũng như người dùng yêu thích thương hiệu Sony.\r\n\r\nThiết kế mới mẻ, không viền cạnh\r\nXperia XA mang nhiều cải tiến trong thiết kế nhằm mang lại sự tiện dụng tối đa cho người dùng đồng thời làm tăng nét cao cấp của dòng sản phẩm. Máy có thiết kế tinh tế, gọn gàng trên từng góc cạnh, vừa vặn trong lòng bàn tay nhưng vẫn toát lên vẻ bền bỉ và cứng cáp, nổi bật khi cầm trên tay. Thêm nữa, màn hình kích thước 5.0 inch với mặt kính cong được nối liền mạch với khung được bo tròn giúp tối đa hóa không gian hiển thị mà không khiến điện thoại to hơn.\r\n\r\nVi xử lý mạnh mẽ\r\nSở hữu vi xử lý 8 nhân 64-bit MediaTek Helio P10 mạnh mẽ, Xperia XA luôn sẵn sàng để thực thi hiệu quả mọi yêu cầu tác vụ từ phía người dùng. Thêm vào đó, dung lượng RAM 2GB mang đến một không gian khá thoải mái cho việc thực thi đa nhiệm. Chưa hết, hệ điều hành Android 6.0 Marshmallow mới nhất được cài sẵn trong máy sẽ giúp người dùng được trải nghiệm những tính năng và nâng cấp mới nhất từ Google, đảm bảo cho máy luôn hoạt động ổn định và mượt mà trong suốt quá trình sử dụng.\r\n\r\nSony Xperia XA\r\n\r\n\r\nBộ đôi camera được đầu tư kỹ lưỡng\r\nCamera chính của Sony Xperia XA có độ phân giải 13MP, sử dụng cảm biến ảnh Exmor RS, được tích hợp tính năng tự động lấy nét kép giúp bạn chụp được những bức ảnh sáng đẹp và và rõ nét. Và nhờ phạm vi tiêu cự rộng, người dùng có thể chạm vào mọi điểm trên màn hình, thậm chí là các góc và lấy nét vào đối tượng một cách nhanh chóng và dễ dàng. Trong khi đó, Xperia XA có camera trước 8MP cho phép chụp ảnh selfie theo nhóm dễ dàng nhờ ống kính góc rộng 88 độ, cộng thêm công nghệ thu nhận ánh sáng yếu sẽ cho ra những bức hình “tự sướng” đẹp ấn tượng ngay cả trong điều kiện thiếu sáng.\r\n\r\nSony Xperia XA\r\n\r\n\r\nThời lượng sử dụng pin lâu\r\nTheo công bố của nhà sản xuất, smartphone Xperia XA có khả năng cung cấp cho người dùng thời lượng pin đột phá lên tới 2 ngày chỉ với một lần sạc. Nhờ đó bạn có thể thỏa sức nghe nhạc, trò chuyện lâu hơn và tha hồ vi vu lướt web mà không cần phải lo lắng máy cạn pin bất ngờ.', '3790000', null, '5000000', '9', '2017-06-14 15:43:57', '2017-06-17 15:44:01', '10', '100000', '0', '\0');
INSERT INTO `sanpham` VALUES ('20', '1', 'Sony Xperia Xzs', '3G:HSPA 42.2/5.76 Mbps\r\n4G:LTEA Cat9 450/50 Mbps\r\nSIM:2 SIM (NanoSIM)\r\nKích thước:146 x 72 x 8.1 mm (5.75 x 2.83 x 0.32 in)\r\nTrọng lượng:161 g (5.68 oz)\r\nMàn hình:Cảm ứng điện dung IPS LCD, 16 triệu màu\r\nKích thước màn hình:1080 x 1920 pixels, 5.2 inches (~424 ppi mật độ điểm ảnh)\r\nBộ nhớ trong:64 GB, 4 GB RAM\r\nKhe cắm thẻ nhớ:microSD, lên đến 256 GB\r\nWLAN:WiFi 802.11 a/b/g/n/ac, dualband, WiFi Direct, DLNA, hotspot', 'Thiết kế Sony Xperia XZs toát lên vẻ sang trọng\r\nXperia XZs thừa hưởng thiết kế của Xperia XZ với bộ khung kim loại nguyên khối, tuy nhiên điểm khác biệt là mặt lưng của máy được làm mờ hơn, giúp máy ít bám mồ hôi và dấu vân tay.\r\nMàn hình Sony Xperia XZs hiển thị sắc nét\r\n\r\nSony Xperia XZs sở hữu tính năng chống nước\r\nHiệu năng Sony Xperia XZs rất mạnh mẽ\r\nKhông được trang bị con chip Snapdragon 835 như người anh em Xperia XZ Premium nhưng với chip Snapdragon 820, hiệu năng của Xperia XZs vẫn là rất tốt.\r\n\r\n \r\nXperia XZs tích hợp cảm biến vân tay và công nghệ sạc nhanh\r\nVới cảm biến vân tay tích hợp vào nút nguồn nằm ở cạnh phải, Xperia XZs giúp người dùng mở khóa máy nhanh chóng. Đồng thời, đây cũng là một biện pháp nâng cao khả năng bảo mật của thiết bị.\r\nCamera Sony Xperia XZs thừa hưởng công nghệ hiện đại của XZ Premium\r\nSony Xperia XZs chính hãng được giữ lại nguyên vẹn những điểm nổi trội về camera từ Xperia XZ Premium. Cụ thể, camera chính của máy có độ phân giải 19MP, khẩu độ lớn (f/2.0), tích hợp công nghệ Motion Eye cho phép tiên đoán chuyển động để chụp 4 bức ảnh trước thời điểm bấm máy 2 giây.', '12843000', null, '14000000', '3', '2017-06-13 15:44:59', '2017-06-15 15:45:03', '8', '100000', '0', '\0');
INSERT INTO `sanpham` VALUES ('21', '1', 'Sony Xperia Z3 16GB', 'Màn hình:IPS LCD, 5.2\", Full HD\r\nHệ điều hành:Android 4.4 (KitKat)\r\nCamera sau:20.7 MP\r\nCamera trước:2.2 MP\r\nCPU:Qualcomm Snapdragon 801 4 nhân 32-bit, 2.5 GHz\r\nBộ nhớ trong:16 GB\r\nHỗ trợ thẻ nhớ:MicroSD, 128 GB\r\nThẻ SIM:1 Sim, Nano SIM\r\nDung lượng pin:3100 mAh\r\nThiết kế:Nguyên khối', 'Thiết kế khung kim loại chắc chắn, siêu mỏng\r\n\r\n \r\n\r\nSony Xperia Z3 sẽ khiến cho bạn bất ngờ vì độ mỏng của nó. Máy chỉ có độ dày 7,35 mm và khiến cho một chiếc máy màn hình lớn 5,2 inch hoàn toàn nằm gọn trong bàn tay bạn. Tuy mỏng manh như vậy nhưng Sony Xperia Z3 lại tạo nên một vẻ vững chắc và cao cấp hiếm có nhờ bộ khung kim loại chắc chắn. So với Xperia Z2, Sony Xperia Z3 có sự bo tròn và liền lạc hơn ở phần hai mặt kính và khung nhôm, đồng thời các chi tiết cũng được làm đơn giản để máy mỏng nhẹ, tinh tế hơn. Ngôn ngữ máy thiết kế theo phong cách đơn giản nhưng chất lượng gia công lại sắc sảo đến từng chi tiết, cho bạn một chiếc máy hoàn hảo về thiết kế.\r\n\r\nCamera 20,7 MP công nghệ xử lý BIONZ thông minh, chụp hình như máy ảnh\r\n\r\n \r\n\r\nSony đã tích lũy tất cả những gì tinh túy nhất cho camera trên Sony Xperia Z3. Camera chính của máy sử dụng cảm biến hình ảnh 1/2,3” độ phân giải 20,7 MP cho độ nhạy sáng cao, giảm nhiễu cho phép tái tạo hình ảnh mượt mà, rõ ràng, từng chi tiết trong bức ảnh đều tuyệt đẹp với độ chính xác gần như tuyệt đối.\r\n\r\nỐng kính sử dụng trên Z3 là ống kính G với nhiều cải tiến về dải ISO rộng cho khả năng lấy nét vượt trội và chụp được nhiều ánh sáng trong các điều kiện ánh sáng khắc nghiệt. Ngoài phần cứng cao cấp, Điện thoại Sony Xperia Z3 còn được Sony trang bị công nghệ xử lý hình ảnh BIONZ thông minh cho di động để máy có khả năng cân bằng sáng cũng như cân bằng màu sắc chính xác hơn. Quay video siêu nét độ phân giải 4K\r\n\r\n \r\n\r\nNếu bạn đã hài lòng với độ nét của những đoạn phim Full HD 1920x1080 pixel thì hãy thử cảm giác quay phim với Sony Xperia Z3. Chiếc máy này có thể quay được những video có độ chi tiết và sắc nét gấp 4 lần Full HD khi mà Z3 có khả năng quay video 4K (3840x2160 pixel). Bạn có thể thưởng thức video này ngay trên điện thoại hoặc xem trên TV hay máy chiếu qua cổng kết nối MHL 3.0 mới nhất.\r\n\r\n \r\n\r\nMàn hình 5,2 inch Full HD sống động, sắc nét, chân thực\r\n\r\n \r\n\r\nSony có đầy đủ kinh nghiệm để sản xuất cho chiếc điện thoại cao cấp Sony Xperia Z3 một màn hình hiển thị rực rỡ nhất. Những công nghệ như IPS, TRILUMINOS Display, X-Reality hay Live Colour LED kết hợp cùng độ phân giải Full HD 1920x1080 pixel cho bạn một màn hình 5,2 inch tuyệt mĩ, sắc nét đến từng chi tiết, màu sắc chân thực, tự nhiên và sống động.\r\n\r\nCamera 20,7 MP công nghệ xử lý BIONZ thông minh, chụp hình như máy ảnh\r\n\r\n \r\n\r\nSony đã tích lũy tất cả những gì tinh túy nhất cho camera trên Sony Xperia Z3. Camera chính của máy sử dụng cảm biến hình ảnh 1/2,3” độ phân giải 20,7 MP cho độ nhạy sáng cao, giảm nhiễu cho phép tái tạo hình ảnh mượt mà, rõ ràng, từng chi tiết trong bức ảnh đều tuyệt đẹp với độ chính xác gần như tuyệt đối.\r\n\r\nỐng kính sử dụng trên Z3 là ống kính G với nhiều cải tiến về dải ISO rộng cho khả năng lấy nét vượt trội và chụp được nhiều ánh sáng trong các điều kiện ánh sáng khắc nghiệt. Ngoài phần cứng cao cấp, Điện thoại Sony Xperia Z3 còn được Sony trang bị công nghệ xử lý hình ảnh BIONZ thông minh cho di động để máy', '5590000', null, '7000000', '4', '2017-05-09 15:46:19', '2017-05-12 15:46:23', '5', '100000', '0', '\0');
INSERT INTO `sanpham` VALUES ('22', '1', 'Xiaomi Mi5 64GB', 'Cảm biến vân tay\r\nDung lượng pin: 3000mAh\r\nHệ điều hành: Android 6.0 (Marshmallow)\r\nRAM: 3Gb\r\nBộ nhớ trong: 64GB\r\nMàn hình: 5.15 inches IPS LCD 1920 x 1080 Full HD\r\nCảm ứng điện dung đa điểm/ Kính cường lực Gorilla Glass 4\r\nCamera: 13MP/ 4MP\r\nCPU: Qualcomm Snapdragon 820 Quad-core (2x2.15 GHz Kryo & 2x1.6 GHz Kryo) - Prime edition\r\nKết nối mạng: 2G/ 3G/ 4G/ Wifi/ Bluetooth/ GPS\r\n', '1. THÔNG TIN SẢN PHẨM\r\n\r\nXiaomi Mi5 điện thoại thông minh 2 SIM sở hữu phần cứng cao cấp\r\n\r\nXiaomi Mi5 chiếc điện thoại thông minh cao cấp tích hợp 2 SIM, trang bị đầy đủ các tính năng hàng đầu hiện nay như công nghệ nhận diện vân tay, kết nối mới USB Type-C. Bên cạnh đó, Mi5 cũng mang tới cấu hình cao, chip xử lý mới nhất, Ram 3GB.\r\nThiết kế kim loại nguyên khối\r\n\r\nSản phẩm đã thay đổi hoàn toàn so với chiếc Mi4 trước đó. Toàn bộ vỏ máy cũng như khung viền máy được làm bằng kim loại nguyên khối nên Mi5 bền hơn, tính tế hơn so với phiên bản hồi năm ngoái.\r\nCamera chính 16MP sử dụng công nghệ ổn định hình quang học OIS\r\n\r\nMi5 được trang bị camera chính 16 MP IMX298 của Sony kết hợp với công nghệ ổn định hình ảnh quang học OIS, cho hình ảnh chụp đẹp, sắc nét, hỗ trợ chụp ảnh động vô cùng tuyệt vời.\r\n\r\nCamera selfies 4MP phía trước\r\n\r\nChiếc camera selfies phía trước có độ phân giải 4MP với khẩu độ ống kính F/2.0, hỗ trợ chụp với góc rộng 80 độ. Camera hỗ trợ chụp ảnh đẹp, màu sắc trung thực, độ chi tiết cao, hỗ trợ đầy đủ các tính năng chụp ảnh hiện nay như chụp toàn cảnh Panorama...\r\n\r\n \r\n\r\nMàn hình 5.15 inch Full HD\r\n\r\nXiaomi mi5 sở hữu màn hình hiển thị 5.15 inch với độ phân giải Full HD mà không phải QHD như một số thông tin rò rỉ trước đó. Tuy độ phân giải màn hình không cao nhưng nó lại cũng cấp điểm ảnh nhiều hơn đem lại trải nghiệm sắc nét, độ chi tiết cao.\r\n\r\nPin 3000 mAh, công nghệ sạc nhanh Quick Charge 3.0\r\n\r\nPin trên máy có dung lượng 3000 mAh cho thời gian sử dụng cao. Máy còn được trang bị công nghệ sạc nhanh Quick Charge 3.0, giúp sạc nhanh hơn 20% so với chuẩn sạc Quick Charge 2.0. Được biết, Mi5 có thể sạc 80 tới 90% pin chỉ mất 1 giờ.', '5280000', null, '6000000', '6', '2017-06-22 15:47:28', '2017-06-23 15:47:31', '7', '100000', '0', '\0');
INSERT INTO `sanpham` VALUES ('23', '1', 'Xiaomi Mi6 64GB 6GB Ram', 'HĐH: Android v7.1.1 (Nougat); MIUI 8.0\r\nMàn hình: IPS LCD 5.15 inch độ phân giải Full HD\r\nCPU: Snapdragon 835 8 nhân (4x2.45 GHz Kryo & 4x1.9 GHz Kryo); GPU: Adreno 540\r\nRAM: 6GB; Bộ nhớ trong: 64GB\r\nCamera sau: Dual 12 MP, OIS (4axis), quay phim 4K\r\nCamera trước: 8 MP\r\nPin: 3350 mAh (Sạc nhanh)\r\nSIM: 2; USB TypeC\r\nNgôn ngữ : Tiếng anh , tiếng trung ( Để yêu cầu để nguyên Seal hoặc cài Tiếng Việt Vui lòng nhắn tin theo cú pháp: Số đơn hàng \" seal\" hoặc \"TV\" gửi đến số: 012340.33333', 'Xiaomi Mi6 vừa mới cập bến thị trường Việt nam với mức giá 11,5 triệu đồng và ngay lập tức nhận được sự chú ý nhờ những thay đổi ấn tượng, đặc biệt là cụm camera kép độc đáo.\r\n\r\nXiaomi Mi6 chính thức được bán ra tại thị trường Trung Quốc vào ngày 28/4 và chỉ một ngày sau, siêu phẩm này đã có mặt tại Việt Nam. Sức hút của Mi6 thực sự rất lớn bởi đây là mẫu smartphone mà nhiều người dùng đã chờ đợi từ rất lâu, với những cải tiến vượt trội hơn so với thế hệ cũ. Có rất nhiều mỹ từ để miêu tả về Mi6, đặc biệt là cấu hình có thể nói là mạnh nhất thế giới hiện nay với con chip Snapdragon 835, RAM mặc định 6GB và bộ nhớ trong đạt 64GB. Hiện tại, giá bán tham khảo cho Xiaomi Mi6 bản thấp nhất tại Việt Nam là 11,5 triệu đồng, cao hơn mức giá niêm yết tại Trung Quốc là 3 triệu đồng. Các phiên bản đặc biệt như màu bạc hay vỏ gốm sẽ về muộn hơn do số lượng hàng hạn chế.\r\n\r\nXiaomi Mi6 có những thay đổi về thiết kế so với Mi5 khi cầm vừa tay, mặt lưng được tối ưu tốt hơn, dễ cầm nắm hơn rất nhiều. Nếu chỉ nhìn qua mặt lưng với các cạnh cong tràn, nhiều người đã nghĩ đến đây là một phiên bản khác của Note 4. Việc sử dụng chất liệu là kính kết hợp cùng khung kim loại chắc chắn giúp Mi6 có được khả năng kháng nước và kháng bụi. Nên nhớ, Xiaomi cũng không khuyến cáo người dùng sử dụng sản phẩm này trong môi trường nước vì đây chỉ là khả năng kháng mà thôi, không phải tiêu chuẩn cao như IP67 trên iPhone 7 và IP68 trên các dòng sản phẩm của Samsung.', '9462000', null, '11000000', '7', '2017-06-15 15:48:16', '2017-06-22 15:48:18', '5', '100000', '0', '\0');
INSERT INTO `sanpham` VALUES ('24', '1', 'Xiaomi Redmi Note 4X 32GB', 'Màn hình: Full HD, 5.5\", 1080 x 1920 pixels,Mật độ điểm ảnh ~441 ppiHệ điều hành: Android v6.0 (Marshmallow)Camera sau: 13 MPCamera trước: 5 MPCPU: Snapdragon 625, 8 nhân, Octacore 2.0 GHz CortexA53RAM: 3 GBBộ nhớ trong: 32 GBThẻ SIM: 2 sim 2 sóng, Nano SIM, Micro SIMDung lượng pin: 4100 mAhCảm biến vân tay mặt lưng siêu nhạyNgôn ngữ : Đa ngôn ngữ Tiếng anh , tiếng Việt ....', '1. Thiết kế Xiaomi Redmi Note 4X Miku Edition: màu xanh ngọc đặc biệt cực đẹp\r\n2. Màn hình Xiaomi Redmi Note 4X Miku Edition: màn hình Full HD hiển thị sắc nét\r\n3. Cấu hình Xiaomi Redmi Note 4X Miku: Mạnh mẽ\r\n4. Camera Xiaomi Redmi Note 4X Miku Editon: Hình ảnh sắc nét\r\nĐược trang bị cấu hình mạnh mẽ, Xiaomi Redmi Note 4X Miku không chỉ giúp người dùng có được sự mượt mà khi chạy đa nhiệm mọi tác vụ thậm chí các game thủ yêu thích game online trên thiết bị điện thoại di động vô cùng thích thú khi trải nghiệm game trên máy. Bởi nó mang đến sự mượt mà, không giật lag...ngay cả khi chơi game nặng, game online...\r\n1. Thiết kế Xiaomi Redmi Note 4X Miku Edition: màu xanh ngọc đặc biệt cực đẹp\r\n2. Màn hình Xiaomi Redmi Note 4X Miku Edition: màn hình Full HD hiển thị sắc nét\r\n3. Cấu hình Xiaomi Redmi Note 4X Miku: Mạnh mẽ\r\n4. Camera Xiaomi Redmi Note 4X Miku Editon: Hình ảnh sắc nét\r\nĐược trang bị cấu hình mạnh mẽ, Xiaomi Redmi Note 4X Miku không chỉ giúp người dùng có được sự mượt mà khi chạy đa nhiệm mọi tác vụ thậm chí các game thủ yêu thích game online trên thiết bị điện thoại di động vô cùng thích thú khi trải nghiệm game trên máy. Bởi nó mang đến sự mượt mà, không giật lag...ngay cả khi chơi game nặng, game online...\r\n', '3395000', null, '5200000', '8', '2017-06-22 15:49:11', '2017-06-22 15:49:13', '9', '100000', '0', '\0');
INSERT INTO `sanpham` VALUES ('25', '2', 'Bộ 5 cốc sạc Samsung Galaxy Note 4', 'Sản xuất tại Việt Nam- Với công nghệ sạc nhanh được Samsung giới thiệu cho Galaxy Note 4, củ sạc Galaxy Note 4 cũng được thiết kế hoàn toàn khác khi điện áp và dòng đầu ra cũng được chia thành 2 phần: 9.0V - 1.67A ( hỗ trợ sạc nhanh ) và 5.0V - 2.0A\r\n- Sản phẩm hỗ trợ công nghệ Fast Charging của Samsung\r\n- Củ sạc bán ra tại shop chúng tôi là hàng chính hãng 100% các bạn có thể tham khảo cách phân biệt dưới đây:\r\n* Củ sạc chính hãng có logo: Adaptive Fast Charging ở mặt sau của sạc\r\n* Củ sạc cho Note 4 có 2 dòng out put như thông số ở treen\r\n* Củ sạc Note 4 được sản xuất tại Việt Nam ( Made in Việt Nam )\r\n* Mạch của củ sạc được làm chi tiết, không như sản phẩm nhái, phải có Silicon gắn trên mạch tránh chập cháy.\r\n* Chân cắm USB bên trong được làm bằng đồng sáng bóng.pin và bộ sạc , pin và bộ sạc Samsung, Samsung', 'Sản xuất tại Việt Nam- Với công nghệ sạc nhanh được Samsung giới thiệu cho Galaxy Note 4, củ sạc Galaxy Note 4 cũng được thiết kế hoàn toàn khác khi điện áp và dòng đầu ra cũng được chia thành 2 phần: 9.0V - 1.67A ( hỗ trợ sạc nhanh ) và 5.0V - 2.0A\r\n- Sản phẩm hỗ trợ công nghệ Fast Charging của Samsung\r\n- Củ sạc bán ra tại shop chúng tôi là hàng chính hãng 100% các bạn có thể tham khảo cách phân biệt dưới đây:\r\n* Củ sạc chính hãng có logo: Adaptive Fast Charging ở mặt sau của sạc\r\n* Củ sạc cho Note 4 có 2 dòng out put như thông số ở treen\r\n* Củ sạc Note 4 được sản xuất tại Việt Nam ( Made in Việt Nam )\r\n* Mạch của củ sạc được làm chi tiết, không như sản phẩm nhái, phải có Silicon gắn trên mạch tránh chập cháy.\r\n* Chân cắm USB bên trong được làm bằng đồng sáng bóng.pin và bộ sạc , pin và bộ sạc Samsung, Samsung', '1520000', null, '1600000', '4', '2017-06-15 15:50:43', '2017-06-17 15:50:45', '10', '100000', '0', '\0');
INSERT INTO `sanpham` VALUES ('26', '2', 'Bộ sạc 10 cổng USB 96W max - UGREEN CD108', 'Bộ sạc điên USB này là một giải pháp hoàn hảo cho bạn để sạc nhiều sản phẩm điện tử của bạn chẳng hạn như điện thoại di động, Ipad, máy ảnh vv trong cùng một thời điểm\r\nCông suất 96W đủ đáp ứng nguồn cho tất cả thiết bị của bạn\r\nTiện dụng\r\n', null, '2462000', null, '2500000', '5', '2017-06-07 15:52:11', '2017-06-16 15:52:13', '10', '100000', '0', '\0');
INSERT INTO `sanpham` VALUES ('27', '2', 'Pin dự phòng Sony S20 - 20.000 mAh', 'Pin lithium ion 20.000 mAh 2 tích hợp Cho phép sạc điện thoại lên đến 8 lần Sạc đến bốn thiết bị cùng lúc với tổng đầu ra tối đa là 6,9A Tính năng sạc bắc cầu để sạc CP-S20 trong khi sạc các thiết bị của bạn Duy trì được hơn 90% dung lượng sau khoảng 1.000 lần sạc', null, '2000000', null, '2500000', '4', '2017-06-28 15:54:43', '2017-06-30 15:54:49', '9', '100000', '0', '');
INSERT INTO `sanpham` VALUES ('28', '2', 'Pin sạc dự phòng Mili Power King 18000 mAh', 'Dung lượng siêu khủng 18000 mAh\r\nSạc dự phòng được cho tất cả các thiết bị di động như: Máy tính xách tay (Laptop)Smartphones (Android, iOS, Window Phone,..), Máy tính bảng (Tablets), Tai nghe Bluetooth, Máy nghe nhạc MP3, Thiết bị game cầm tay\r\nTiện dụng\r\n', '1. Sạc Power King:\r\n\r\n- Luôn luôn sạc đủ 8 giờ cho lần sạc đầu tiên trước khi sử dụng sản phẩm.\r\n\r\n- Khi bảng điều khiển LCD hiện \"100%\" thì Mili Power King đã đầy sạc\r\n\r\n2. Sạc các thiết bị khác\r\n\r\n- Lưu ý: Kiểm tra khả năng tương thích điện áp với thiết bị của bạn đầu tiên\r\n\r\n- Lựa chọn phù hợp và đúng dây cáp cho việc sạc thiết bị điện tử khác nhau (5V USB Charging cable - Cáp sạc USB 5V; 9V - 12V cable - Cáp sạc 9V - 12V; 12V - 20V cable - Cáp sạc 12 - 20V)\r\n\r\n- Đưa cáp sạc đúng vào đúng cổng của Power King\r\n\r\n- Chọn đầu phù hợp cho thiết bị kỹ thuật số của bạn hoặc cắm cáp trực tiếp vào trong thiết bị nếu nó vừa\r\n\r\n- Đưa phần cuối cùng của cáp sạc với đầu đúng vào trong cổng sạc của thiết bị bạn sử dụng\r\n\r\n3. Sạc iPad - QUAN TRỌNG\r\n\r\n- Đầu USB ra: 5V/1A. Khi bạn muốn sạc iPad, hãy ấn và giữ nút nguồn liên tục trong 5 giây => Đầu ra sẽ tăng lên 5V/2.1A\r\n\r\n- Đầu ra USB: sẽ trở lại 5V/1A trong vòng 10 giây sau khi ngắt kết nối với iPad\r\n\r\n4. DELL Laptop User (Dành cho người sử dụng máy tính xách tay DELL) - QUAN TRỌNG\r\n\r\nDung lượng cực lớn\r\n\r\nVới dung lượng 18000mAh, pin sạc chắc chắn sẽ là nguồn lưu trữ nguồn điện lý tưởng cho các thiết bị của bạn. Với siêu công suất này bạn có thể hoàn toàn an tâm khi đi chơi, đi công tác xa, hay đi du lịch mà không tìm ra nguồn sạc.\r\n', '3418000', null, '4000000', '5', '2017-06-20 15:56:37', '2017-06-22 15:56:40', '10', '100000', '0', '\0');
INSERT INTO `sanpham` VALUES ('29', '2', 'Pin sạc dự phòng Romoss Sense mini 5000 mAh', '\r\nROMOSS SENSE MINI\r\n\r\nPin sạc dự phòng Romoss Sense mini 5000mAh là nguồn cung cấp năng lượng hữu dụng cho điện thoại của bạn trong những trường hợp khẩn cấp.\r\nRomoss Sense mini có dung lượng pin lớn đến 5000mAh, có thể sạc nhiều lần các dòng điện thoại, máy tính bảng hiện nay.', 'ROMOSS là một nhà cung cấp công nghệ theo định hướng và đáng tin cậy về giải pháp pin, Sạc trên toàn cầu, chuyên về Pin, bộ sạc di động, bộ sạc xe hơi và Adapter sạc cho tất cả các thiết bị di động. Với sự đổi mới liên tục và ứng dụng các công nghệ mới nhất, sản phẩm chất lượng cao và dịch vụ tuyệt vời, ROMOSS đã đạt được rất nhiều người tiêu dùng biết đến và có các nhà phân phối tại hơn 40 quốc gia trên toàn thế giới. Tại Việt Nam Phúc Thịnh JSC cũng đã được bổ nhiệm là nhà phân phối uỷ quyền chính thức các sản phẩm  Romoss.', '1850000', null, '2000000', '10', '2017-06-20 15:57:22', '2017-06-23 15:57:24', '1', '100000', '0', '\0');
INSERT INTO `sanpham` VALUES ('30', '3', 'Gimbal Wenpod SP1 thiết bị cân bằng cho Smartphone', 'Cân bằng khung hình cho smartphone khi quay phim \r\nHỗ trợ chụp ảnh xoay 360 độ, panorama \r\nBrushless motor giúp chuyển động mượt mà \r\nKích thước: 13.5 x 14.5 x 7.4cm ', 'BIẾN SMARTPHONE THÀNH MÁY QUAY PHIM CHUYÊN NGHIỆP WenPod SP1+ được sản xuất dành riêng cho smartphones. Tích hợp công nghệ độc quyền của A.I và động cơ không chổi than giúp cải thiện \r\n \r\nỔN ĐỊNH VỚI GÓC QUAY 360° Thiết kế chuyển động quay tự do giúp ổn định vị trí và chống rung khi điện thoại của bạn thực hiện việc quay phim hay chụp hình trong mọi vị trí và hướng (góc) quay. Hai động cơ trượt kết hợp nhau lăn và cảm biến tương tác liền mạch giúp ổn định máy quay.\r\n \r\nCẦN CHUYỂN HƯỚNG ỔN ĐỊNH GÓC NGHIÊNG Nút điều chỉnh và ổn định thiết bị ở góc máy nghiêng được tích hợp ngay trên thân máy, thông qua 1 nút điều khiển bằng ngón tay. \r\n ​\r\nTHIẾT KẾ TỐI ƯU VÀ TIỆN DỤNG  \r\nVỪA VỚI HẦU HẾT SMARTPHONE SP1+ gắn vừa với hầu hết các loại smartphone hiện có trên thị trường. Thiết kế khóa cài tiện lợi, việc lắp đặt smartphone vào chỉ mất vài giây.\r\n \r\nPIN RỜI CÓ THỂ THAY THẾ ĐƯỢC Lõi pin lithium polymer với mạch bảo vệ tích hợp và ngõ sạc nhanh. Có thể sạc riêng lõi pin bằng dock sạc rời (chưa có sẵn trong bộ sản phẩm).', '5715000', null, '6000000', '9', '2017-06-20 15:58:09', '2017-06-22 15:58:12', '6', '100000', '0', '\0');
INSERT INTO `sanpham` VALUES ('31', '3', 'Ổ cứng di động  Apple Android Mili iData 256GB', null, 'Mở rộng bộ nhớ của iPhone*; iPad * ( 16/32/64/128/256 GB) và các thiết bị android khác.\r\nLưu trữ tất cả file xử lý trên thiết bị: .doc; .xls; mp4; jpg…\r\nSao lưu và chuyển đổi tất cả các file từ thiết bị này sang thiết bị khác 1 cách đơn giản\r\nBackup và Restore danh bạ\r\nThiết bị duy nhất được Apple chứng nhận sản phẩm ổ cứng di động dùng cho các sản phẩm của Apple.\r\nMili iData là một trong những thiết bị hiếm hoi được Apple chứng nhận là sản phẩm ổ cứng di động dùng cho các sản phẩm của hãng. \r\nMili iData có thiết kế khá nhỏ gọn, vỏ bằng nhôm khối với chất lượng hoàn thiện tốt. Sản phẩm có dung lượng bộ nhớ 16 GB giúp mở rộng bộ nhớ cho các máy iPhone và Android. Ở đầu phía trước là một cổng Lightning để cắm vào các máy chạy iOS. Phía sau là một cổng microUSB để kết nối cáp với máy tính hoặc điện thoại Android. \r\nPhụ kiện đi kèm có một cáp hai đầu đều là microUSB, cáp còn lại có một đầu USB và một đầu microUSB. \r\nCắm trực tiếp Mili iData đọc dữ liệu với iPhone 6. Người dùng cần cài thêm phần mềm riêng do Mili cung cấp để thực việc việc chuyển đổi dữ liệu. \r\nVới các máy Android, người dùng cần sử dụng thêm dây cáp hai đầu microUSB để kết nối. Tuy nhiên, hệ điều hành của Google không đòi hỏi phải cài thêm phần mềm mà chỉ cần dùng sẵn ứng dụng đọc tập tin trong máy. \r\nViệc sao lưu ảnh ra Mili iData và ngược lại không cần qua máy tính, có thể sao lưu nội dung ở mọi nơi. Các máy cũng có thể chơi file nhạc hoặc xem ảnh, văn bản dù vẫn đang lưu ở bộ nhớ ngoài. ', '4190000', null, '6000000', '10', '2017-06-22 15:59:26', '2017-06-23 15:59:31', '4', '100000', '0', '\0');
INSERT INTO `sanpham` VALUES ('32', '3', 'Sạc năng lượng mặt trời Anker PowerPort Solar IQ', 'Thương hiệu số 1 tại Mỹ\r\nNguồn sạc sạch \"miễn phí\" vô tận\r\nCông nghệ sạc nhanh và tối ưu từ Anker\r\nTính \"di động\" tuyệt đối\r\nThiết kế an toàn', 'Anker PowerPort Solar Charger\r\nSạc thiết bị với nguồn năng lượng mặt trời vô hạn, phù hợp với xu hướng sử dụng năng lượng tái tạo đang diễn ra mạnh mẽ.\r\nAnker là thương hiệu số 1 tại Mỹ về các giải pháp sạc và pin dự phòng.\r\n- Sạc nhanh và an toàn với công nghệ mới nhất\r\n- Trên 10 triệu khách hàng đã sử dụng sản phẩm Anker\r\nNguồn sạc \"miễn phí\" vô tận\r\nKhi bạn đang vui chơi bên ngoài, chỉ cần mở bung các tấm pin mặt trời và gắn vào ba-lô của bạn là có thể sạc thiết bị thoải mái với 2 cổng có tổng dòng sạc đến 3A, tương đương với một bộ sạc tường công suất khá.\r\nCông nghệ sạc nhanh và tối ưu từ Anker\r\nCông nghệ độc quyền PowerIQ dễ dàng nhận dạng thiết bị và cấp phát dòng sạc tối ưu (lên đến 2.4A / cổng) cho thiết bị đó, giúp sạc nhanh chóng và an toàn.\r\nTính \"di động\" tuyệt đối\r\nThiết kế nhỏ gọn (gấp lại 28.2 × 16 cm hoặc khi mở ra 67 × 28.2), khoen móc ở mỗi góc cho phép bạn gắn lên ba-lô hoặc các vị trí tối ưu để hứng ánh mặt trời 1 cách dễ dàng. Trọng lượng siêu nhẹ (14.7oz) và mỏng (1.1in folded or 0.2in opened), chiếm rất ít không gian trong ba-lô hay túi xách của bạn.\r\nChất liệu siêu bền\r\nTấm pin mặt trời được hoàn thiện bằng chất liệu PET và khâu vào vải polyester siêu bền, giúp chịu đựng trước tác động từ những cuộc dã ngoại, trekking mạo hiểm,...\r\nThiết kế an toàn\r\nMạch bảo vệ chống ngắt mạch và quá tải giúp thiết bị của bạn an toàn tuyệt đối.', '1999000', null, '2500000', '1', '2017-06-27 16:00:36', '2017-06-30 16:00:39', '5', '100000', '0', '');
INSERT INTO `sanpham` VALUES ('33', '3', 'Thiết bị chống trộm SAMSUNG cổng 4', ' Loại sản phẩm: Chống trộm trung tâm\r\n- SP bao gồm: 01 cổng chống trộm 4 đầu ra USB, 04 cáp sạc và chống trộm, 03 chân đế điện thoại, 01 chân đế máy tính bảng, 01 remote, 01 Adapter (Dây nguồn), và các phụ kiện kèm theo...\r\n- Xuất sứ: Hàn Quốc\r\n- Bảo hành: 12 tháng ( tem bảo hành dán trên sản phẩm ) * Miễn phí giao hàng trên toàn quốc (COD)', 'Cổng chống trộm trung tâm 04 đầu ra USB bao gồm:\r\n- Công tắc ON/OFF: Bật tắt nguồn điện\r\n- Đèn Led : Thông báo tình trạng hoạt động\r\n- Loa báo động: Phát ra báo động khi có tác động\r\n- Khe tản nhiệt hai bên: Giúp sản phẩm hoạt động liên tục mà không bị nóng\r\n- Bốn cổng ra USB, 01 cổng cắm nguồn điện, 01 cổng cắp cảm biến điều khiển từ xa.\r\nƯu điểm bộ thiết bị chống trộm \r\n- Thiết kế sang trọng phù hợp xu hướng của thị trường\r\n- Hoạt động an toàn và ổn định\r\n- Dễ dàng lắp đặt và di chuyển\r\n- Sử dụng chất liệu có độ bền cao\r\n- Dễ dàng thay thế các linh kiện, phụ kiện\r\n\r\nVới bộ thiết bị chống trộm điện thoại, máy tính bảng cao cấp M-5000R được cung cấp bởi HTD VIỆT NAM, giúp sản phẩm trưng bày của cửa hàng điện thoại điện máy an toàn hơn, khách hàng có thể thoải mái trải nghiệm mà không lo bị mất trộm , mất cắp.', '2800000', null, '4000000', '7', '2017-06-20 16:01:48', '2017-06-22 16:01:50', '1', '100000', '0', '\0');
INSERT INTO `sanpham` VALUES ('34', '4', 'Canon 700D', 'Cảm biến: 18 megapixel APS-C Hybrid CMOS\r\nBộ xử lí hình ảnh: DIGIC 5; chụp được ảnh RAW 14 bit\r\nKèm Túi Canon và thẻ nhớ 8GB\r\nISO: 100 đến 12.800; mở rộng đến 25.600\r\nHệ thống lấy nét: 9 điểm; toàn bộ là điểm cross type\r\nChụp ảnh liên tục: 5 khung hình/giây\r\nGiá: 10.589.997 VND', null, '12000000', null, '18000000', '9', '2017-06-07 23:21:13', '2017-06-22 23:21:17', '2', '150000', '0', '\0');
INSERT INTO `sanpham` VALUES ('35', '4', 'Canon EOS 5D Mark III 22.3MP', 'Cảm biến CMOS Full-Frame 22.3 MP \r\nChíp xử lý hình ảnh DIGIC 5+ \r\nMàn hình LCD 3.2\" 1.040.000 điểm ảnh \r\nQuay phim Full HD 1080p tại 30 hình/giây \r\n61 điểm lấy nét tự động \r\nISO 25600, được mở rộng đến ISO 102400\r\nChụp liên tục 6 hình/giây với đuôi RAW+JPEG\r\nCảm biến đo sáng hai lớp với 63 vùng\r\nFile Raw 14-Bit  and S-RAW \r\nThân máy làm bằng hợp kim Magie, 2 khe thẻ SD/CF\r\nGiá: 48.900.000 VND', null, '10000000', null, '15000000', '4', '2017-05-28 23:21:20', '2017-06-10 23:21:24', '4', '100000', '0', '');
INSERT INTO `sanpham` VALUES ('36', '4', 'Canon EOS 6D 20MP', 'Kích thước màn hình	3.0\r\nĐộ phân giải camera (MP)	20.0\r\nSensor Type	Cảm biến CMOS\r\nĐộ phân giải video	1080p\r\nZoom quang	50.0\r\nGiá :26.775.000 VND', null, '21000000', null, '25000000', '4', '2017-05-30 23:21:27', '2017-07-08 23:21:32', '4', '200000', '15', '\0');
INSERT INTO `sanpham` VALUES ('37', '4', 'Canon EOS 80D 24.2MP', 'Cảm biến CMOS APS 24.2MP\r\nBộ xử lý hình ảnh DIGIC 6\r\nMàn hình cảm ứng 3.0 inch 1.04m- Dot Vari Angle\r\nQuay phim Full HD 1080p tại 60fps\r\nHệ thống lấy nét 45 điểm AF Cross-Typ\r\nISO mở rộng 25600, tốc độ chụp liên tiếp 7fps\r\nHỗ trợ kết nối Wifi và NFC\r\nCảm biến đo sáng RGB + IR 7560\r\nGiá: 26.000.000 VND', null, '13000000', null, '17000000', '4', '2017-06-18 23:21:36', '2017-07-07 23:21:40', '6', '50000', '23', '');
INSERT INTO `sanpham` VALUES ('38', '4', 'Canon EOS 750D', 'Độ phân giải camera (MP)	24.0\r\nĐộ phân giải video	1080p\r\nKhung ngắm	Quang học\r\nCMOS Màn hình: TFT LCD 3.7 inch ISO 100 đến 12800.\r\n Cảm biến CMOS 24.2 MP. \r\nLấy nét 19 điểm\r\nGiá: 13.317.000 VND', null, '8000000', null, '11500000', '1', '2017-06-02 23:21:44', '2017-06-22 23:21:48', '7', '100000', '5', '\0');
INSERT INTO `sanpham` VALUES ('39', '4', 'Canon EOS M10 18MP', 'Cảm biến CMOS 18.0megapixel\r\nCông nghệ Hybrid CMOS AF II\r\nBộ xử lý hình ảnh DIGIC 6\r\nĐiểm lấy nét 49 điểm\r\nMàn hình LCD 3.0inch cảm ứng xoay lật 180độ\r\nGiá: 6.948.000 VND', null, '25000000', null, '27000000', '7', '2017-05-29 23:21:52', '2017-07-01 23:21:57', '2', '250000', '1', '\0');
INSERT INTO `sanpham` VALUES ('40', '4', 'Sony Alpha A6000 ILCE-6000LSAP2 Wifi 24.3MP', 'Tiêu cự 16 – 50mm\r\nKhẩu độ F3.5 – 5.6\r\nĐộ nhạy sáng ISO: Auto – 25600\r\nBộ cảm biến: APS-C (1.5x Crop Factor)\r\nTích hợp Wifi và NFC\r\nGiá: 13.490.000 VND', null, '13000000', null, '20000000', '8', '2017-05-31 23:22:02', '2017-07-05 23:22:05', '3', '200000', '5', '\0');
INSERT INTO `sanpham` VALUES ('41', '4', 'Sony Alpha A6300 24.0MP', 'Màn hình LCD 3.0\\ 921.6K\r\nCảm biến CMOS APSC 24MP\r\nBộ xử lý hình ảnh BIONZ X\r\nHệ thống lấy nét AF 425 điểm theo pha\r\nChụp liên tiếp 11fps (8fps ở chế độ liveview)\r\nCó chế độ chụp yên lặng (Silent shooting như A7RII)\r\nDải nhạy sáng ISO 100 51200\r\nQuay video 4K lên tới 100Mbps, SLog3 Gamma\r\nKích thước: 120.0 x 66.9 x 48.8 mm\r\nTrọng lượng: 404g\r\nGiá : 18.190.000 VND', null, '15200000', null, '18000000', '6', '2017-06-01 23:22:10', '2017-06-22 23:22:14', '5', '100000', '35', '');
INSERT INTO `sanpham` VALUES ('42', '4', 'Sony HDR-PJ440E', 'Máy chiếu tích hợp 13lm (màn hình lên tới 100inch)\r\nCảm biến Exmor R CMOS, độ phân giải ảnh tĩnh 9.2 MP\r\nBộ nhớ trong Flash memory 8GB\r\nBộ xử lý hình ảnh BIONZ X\r\nỐng kính ZEISS Vario-Sonnar T* vớiOptical Steadyshot (Intelligent Active mode), Zoom quang học 30x\r\nTính năng nâng cao Ghi hình kép, hiệu ứng hình ảnh, Face Detection, Smile Shutter\r\nGiá: 9.990.000 VND', null, '13500000', null, '15000000', '1', '2017-05-31 23:22:19', '2017-06-27 23:22:23', '3', '100000', '15', '\0');
INSERT INTO `sanpham` VALUES ('43', '4', 'Sony HXR-MC 2500P', 'Cảm biến: 1/4\" CMOS Exmor R\r\nGóc ống kính rộng 26,8mm, Zoom Optical 12x\r\nKính ngắm OLED với 1.44 triệu điểm\r\nĐịnh dạng ghi HD: MPEG 4/AVCHD 2.0, SD: DV ( AVI )\r\nBộ nhớ trong 32GB.\r\nWi-Fi kết nối với NFC/ Flip-Up 3\" LCD with 921k Dot Resolutio\r\nKết nối vào ra: Composite, BNC mini, USB2.0, HDMI.\r\nKhe cắm thẻ nhớ SDXC\r\nGiá: 36.490.000 VND', null, '25000000', null, '29000000', '5', '2017-06-03 23:22:27', '2017-07-04 23:22:31', '2', '150000', '32', '');
INSERT INTO `sanpham` VALUES ('44', '4', 'Sony ILCE-7M2 (Alpha A7 Mark II) Body 24.3MP', 'Hệ thống chống rung 5 trục\r\nĐộ nhạy iso	Auto, 50, 80, 100 - 25600\r\nTốc độ màn trập	Max: 1/8000 giây. Min: 30 giây.\r\nBộ xử lý hình ảnh	BIONZ X\r\nMàn hình	LCD\r\nCổng kết nối	USB 2.0, NFC, WiFi\r\nĐộ phân giải	24,3 (MP)\r\nGiá: 34.500.000 VND', null, '13200000', null, '17600000', '4', '2017-05-28 23:22:36', '2017-06-17 23:22:40', '7', '200000', '78', '');
INSERT INTO `sanpham` VALUES ('45', '5', 'Camera hành trình Gopro hero 4 - session', 'Thiết kế nhỏ gọn nhất và nhẹ nhất\r\nChất lượng quay video chuyên nghiệp\r\nChụp ảnh mạnh mẽ.Kết nối với gopro app hoặc remote\r\nĐộ bền cao và không thấm nướ\r\nDễ dàng kiểm soát bằng một nút bấm.\r\n\r\nGiá:4.000.000 VND\r\n\r\nGoPro HERO4 Session mang kiểu dáng khá hầm hố với thấu kính có đường kính lớn, nắp bảo vệ gia cố bằng ốc làm tăng độ chống sốc, nâng cao khả năng chống nước. Thiết kế hình hộp của sản phẩm này từng được Polaroid áp dụng cho dòng sản phẩm Cube. Do kích thước quá nhỏ nên máy sẽ không có màn hình và chỉ có một nút nhấn để thao tác. Bạn có thể theo dõi những thông số cơ bản của việc quay phim bằng điều khiển từ xa thông qua Bluetooth. Thiết kế của máy cho phép chống nước ở độ sâu 10 mét, tích hợp microphone kép nhằm tăng cường âm thanh.\r\n\r\nHERO4 Session có khả năng tự động điều chỉnh tốc độ khung hình theo điều kiện ánh sáng để nâng cao chất lượng hình ảnh, đặc biệt là tỏng điều kiện thiếu sáng. Chế độ chụp ảnh Burst mode cho khả năng chụp 10 tấm ảnh / giây. Ngoài ra không thể thiếu đó là Protune đem lại cho người dùng thích tự thiết lập hiệu chỉnh ánh sáng, màu sắc cho GoPro, GoPro cải tiến Protune (điều chỉnh Color, Sharpness, ISO Limit, và Exposure controls) cho cả chế độ chụp ảnh và quay phim.\r\n\r\nGoPro đưa ra vài phụ kiện mới cho dòng sản phẩm này bao gồm Low-Profile Frame đem lại khả năng xoay khung hình 180 độ, chân đế có khả năng xoay máy theo nhiều hướng. Máy sẽ tự động xoay khung hình khi thay đổi hướng nên giản lược được 1 bước khi hậu kỳ. Ngoài ra HERO4 Session hoàn toàn tương thích với các phụ kiện theo tiêu chuẩn của hãng.\r\n\r\nThông số kỹ thuật \r\nCảm biến ảnh: 8MP\r\nKích thước ảnh: 3264 x 2448 px (8MP), 2720 x 2040 px (5MP)\r\nĐịnh dạng video: H.264, .mp4\r\nĐộ p/giải video: 1080p@60p/50p/30p/25p\r\nSlow-motion: 720p@100fps / WVGA@120fps/100fps\r\nTimelapse: 0.5, 1, 2, 5, 10, 30 và 60 giây\r\nISO: 1600 (mặc định) / 400 (low-light)\r\nÂm thanh: mic kép, định dạng AAC, 32 kHz\r\nKết nối: Wi-Fi và Bluetooth\r\nBộ nhớ: thẻ nhớ microSD\r\nSạc: microUSB\r\nPin: 1.030 mAh / 3.8V / 3.23Wh', null, '2000000', null, '5000000', '6', '2017-06-06 23:31:55', '2017-06-29 23:32:15', '1', '100000', '10', '');
INSERT INTO `sanpham` VALUES ('46', '5', 'Camera Thể Thao SJ6 LEGEND Wifi 4K', 'SJ6 Legend sử dụng chipset Novatek 96660\r\nCảm biến 16.37Mb cao cấp của Panasonic MN34120PA\r\nMàn hình LCD 2 inch hỗ trợ cảm ứng\r\nHỗ trợ wifi và cắm MIC ngoài\r\nQuay phim 4K@24f/ 2K@30f / 1080@60f/ 720@120f\r\n\r\n\r\nSJCAM SJ6 Legend có 2 màn hình hiển thị, một màn hình hiển thị các thông số ngay mặt trước và một màn điều khiển LCD 2.0 inch cảm ứng với độ phân giải 240 x 320pixels. Màn hình cảm ứng là rất hữu ích để điều hướng menu và thay đổi các tùy chọn và giúp xem lại các video hay hình ảnh dễ dàng hơn\r\n\r\nSJCAM SJ6 Legend Action Camera 4K WIFI 2inch là dòng sản phẩm camera thể thao đột phá về thiết kế và tính năng. Với màn hình 2inch \"Live-view\" LCD cảm ứng và sự kết hợp của chip sử lý Novatek 96660 cùng cảm biến cao cấp của Panasonic MN34120PA giúp sản phẩm SJCam SJ6 Legend cho khả năng chụp ảnh - quay video vô cùng ấn tượng sắc nét.\r\nCảm biến hình ảnh: \r\n\r\nSJCAM SJ6 Legend được trang bị cảm biến Panasonic MN34120PA 16.37MP, chip cảm biến cho hình ảnh chân thực và những bức ảnh chụp lên tới 4k (4608×3456)\r\n\r\nĐịnh dạng video: MP4 or MOV chuẩn h.264 \r\nỔn định hình ảnh: SJ6 Legend có chip chống rung điện tử công nghệ (EIS) cho video mượt mà ít rung động hơn khi di chuyển. \r\n\r\nNgoài ra SJ6 sử dụng một cảm biến con quay hồi chuyển kết hợp với một cảm biến gia tốc để cảm nhận và ổn định hình ảnh hống rung lắc trong một chuyển động hay còn gọi là chống rung GYRO \r\n\r\n\r\n\r\nSJCAM SJ6 Legend hỗ trợ xuất file video theo 2 định dạng MP4 và MOV nếu các bạn sử dụng post Youtube thì nên chọn MP4 còn sử dụng làm video nên chọn MOV cho chất lượng nén hình ảnh tốt hơn. Ngoài ra SJ6 còn hỗ trợ chụp ảnh ở định dạng nguyên gốc RAW, rất phù hợp cho những bạn làm thiết kế.\r\n\r\n Giá:3.450.000 VND', null, '1200000', null, '3000000', '4', '2017-06-23 23:32:00', '2017-06-24 23:32:20', '2', '150000', '15', '\0');
INSERT INTO `sanpham` VALUES ('47', '5', 'Camera Thể Thao SJCAM 4000 Wifi', 'Màn hình hiển thị 2.0 Inch, gốc Lens: 170°\r\nChịu nước lên đến 30 mét\r\nLoại thẻ nhớ: Memory Stick\r\nNguồn điện: Pin\r\nChất liệu bền đẹp\r\nThiết kế tiện dụng\r\nDễ dàng sử dụng\r\nTích hợp WiFi cho phép điều khiển bằng Smartphone.\r\nỐng kính 12MP quay video Full HD 1080p\r\nChống nước, ghi hình trong mọi điều kiện thời tiết.\r\nGóc quay rộng 170 độ, room 4x.\r\nĐa dạng tính năng sử dụng.\r\nGiá:1.750.000 VND\r\nTrên thị trường hiện nay, camera hành trình (action camera) ngày càng được sử dụng rộng rãi. Là đại lý của SJCAM tại Việt Nam, camerathethao.vn cam kết đem đến cho các bạn những mẫu thiết bị camera hanh trinh phù hợp nhất.\r\nMain Features: Camera the thao SJCam SJ4000 wifi \r\nNTK96655 + AR0330 solution\r\nWi-Fi Function, the user can operation or review via Android or for iOS Device\r\nMini appearance, diversified colors available\r\nA water-resistant casing that allows you to film fascinating water sports\r\nMultiple photo shooting modes: Single shot, Snapper\r\nMultiple video recording formats: 1080P 720P WVGA\r\nWater-resistant up to 30 meters under water\r\nHigh definition screen that displays and replays fascinating videos recorded\r\nSupport HDMI HD output function\r\nSupport web camera function\r\nDetachable battery that is easy to replace and prolongs your cameras service life\r\nSupport storage cards up to 32GB maximum(Micro SD Card Class6 Above,Not included in package)', null, '2000000', null, '5500000', '7', '2017-05-28 23:32:03', '2017-07-08 23:32:25', '6', '100000', '23', '\0');
INSERT INTO `sanpham` VALUES ('48', '5', 'Camera thể thao SJCAM M20 Wifi', 'Cảm ứng SONY 16MP chụp ảnh sắc nét, quay video UltralHD 4K.\r\nChống rung Gyro tiên tiến, chống nước ở độ sâu tới 30m.\r\nChụp ảnh chuyên nghiệp với tính năng RAW.\r\nHỗ trợ định dạng .MP4/.MOV  với video và .JPEG/.RAW với hình ảnh.\r\nTính năng camera hành trình Car Mode.\r\n\r\nCamera thể thao đa năng SJCAM M20 là model mới nhất của thương hiệu SJCAM HD với nhiều điểm khác biệt và nâng cấp đáng kể về phần cứng, mang đến cho người dùng những tính năng ưu việt. Sản phẩm hiện được phân phối chính hãng bởi TECH360 – 58 Thái Hà, Đống Đa, Hà Nội. HOTLINE 0938.94.1111. Xem thêm thông tin xác nhận TECH360 là nhà phân phối chính thức duy nhất tại Việt Nam của hãng SJCAM HD\r\nĐặc điểm ấn tượng đầu tiên của Action Cam SJCAM M20 chính là thiết kế độc đáo, hoàn toàn khác biệt với những model trước đây của SJCAM, cũng như phá cách so với nhiều mẫu camera thể thao truyền thống. Với thiết kế này SJCAM M20 toát lên sự hiện đại, trẻ trung và năng động.\r\n\r\nCamera thể thao đa năng SJCAM M20 có kích thước cực nhỏ gọn 2.98×5.40×4.00cm, trọng lượng chỉ 54gr, vô cùng nhỏ nhẹ nên người dùng dễ dàng cầm tay, gắn mũ bảo hiểm, gắn lên xe ô tô, xe máy, xe đạp hay cất giữ trong túi mang theo bên mình đến mọi nơi. SJCAM M20 cũng giống như các model khác của SJCAM đều trang bị màn hình hiển thị cho phép người dùng dễ dàng cài đặt, theo dõi và xem lại hình ảnh, video ghi lại được. Với màn hình LCD 1.5 inch, giao diện đơn giản, dễ dàng thiết lập, các nút điều khiển thông minh giúp người dùng luôn cảm thấy thoải mái khi sử dụng.\r\nĐộ phân giải Video: 4K@24fps, 2K@30fps/60fps, 1080p @30fps/120fps, 720p @60fps/30fps, VGA@240fps \r\n\r\nĐộ phân giải hình ảnh: 16M (4608 x 3456), 12M (4032 x 3024), 10M (3648 x 2736), 8M (3264 x 2448), 5M (2592 x 1944), 3M (2048 x 1536), 2MHD, VGA (640 x 480), 1.3M (1280 x 960).\r\nCamera thể thao đa năng SJCAM M20 cũng được trang bị công nghệ chống rung Gyro và khả năng chống nước với độ sâu tối đa 30 mét, đảm bảo cho người dùng ghi hình được trong nhiều loại địa hình khác nhau hay trong bất kỳ điều kiện thời tiết nào.\r\nTính năng Distortion Correction ON trên action cam SJCAM M20 sẽ làm giảm đáng kể hiệu ứng mắt cá, giúp cho hình ảnh trở nên trông đẹp mắt và thực tế hơn, đảm bảo cho những khung hình bạn ghi lại được sẽ trở nên chuyên nghiệp.\r\nSJCAM M20 là chiếc camera thể thao đa năng lý tưởng để thực hiện những cảnh quay trên không, góc quay rộng và chất lượng âm thanh tuyệt vời sẽ mang đến cho bạn những video vô cùng hoàn hảo, tuyệt đẹp.\r\nCamera thể thao SJCAM M20 có thể cài đặt, điều khiển, ghi hình và chia sẻ video preview, kiểm soát hình ảnh từ xa bằng cách kết nối wifi tới smartphone. Nó cũng cho phép kết nối, chia sẻ dữ liệu thông qua HDMI TV output.\r\n\r\n\r\nGiá:2.341.400 VND', null, '2500000', null, '5000000', '9', '2017-06-06 23:32:08', '2017-06-29 23:32:30', '2', '200000', '42', '\0');
INSERT INTO `sanpham` VALUES ('49', '6', 'Lens chụp ảnh 3 trong 1 cho điện thoại', 'Thiết kế nhỏ gọn\r\nTiện dụng\r\nDễ sử dụng\r\nSKU	FO905ELAA35DVZVNAMZ-5495667\r\nMẫu mã	Mua tốt-Lens chụp ảnh 3 trong 1\r\nKích thước sản phẩm (D x R x C cm)	10x15x5\r\nTrọng lượng (KG)	0.25\r\nSản xuất tại	Trung Quốc\r\n\r\nGia1: 19.995 VND', null, '150000', null, '1000000', '10', '2017-05-29 23:36:45', '2017-06-23 23:36:49', '1', '150000', '14', '\0');
INSERT INTO `sanpham` VALUES ('50', '6', 'Ống kính Canon EF 50mm F1.8 STM', 'Cấu tạo quang học bao gồm 6 thấu kính\r\nĐộ phóng đại 0.21x\r\nKiểu dáng nhỏ gọn\r\nLấy nét tự động êm và nhanh hơn\r\n\r\nLà hàng được nhập khẩu trực tiếp từ nước ngoài bởi doanh nghiệp trong nước, không thông qua nhà phân phối chính thức tại thị trường Việt Nam.\r\nHàng nhập khẩu được nhiều người chọn lựa bởi giá thành tốt, chất lượng vẫn được đảm bảo như những sản phẩm được nhập khẩu thông qua nhà phân phối chính thức (vì được sản xuất từ cùng một nhà máy của hãng sản xuất). Hơn nữa, dù không được bảo hành tại các trung tâm bảo hành chính thức của hãng, các sản phẩm này vẫn được áp dụng đầy đủ chính sách bảo hành của doanh nghiệp nhập khẩu.\r\n\r\nMẫu ống kính một tiêu cự phổ biến của Canon trang bị động cơ bước giúp lấy nét tự động êm và nhanh hơn. \r\nCanon 50 mm f/1.8 STM. \r\n\r\nChỉ vài ngày sau khi bị rò rỉ hình ảnh, Canon đã chính thức ra mắt thế hệ kế tiếp của mẫu ống kính 50mm f/1.8. Điểm nâng cấp đáng chú ý nhất là việc trang bị động cơ bước giúp STM giúp lấy nét êm hơn và hỗ trợ tốt hơn trong việc quay video. Ngoài ra, sản phẩm cũng sử dụng 7 lá khẩu lưỡi tròn và khoảng cách lấy nét tối thiểu 35cm, hai cải tiến đáng kể so với thế hệ Mark II. \r\n\r\nCanon 50mm f/1.8 STm có cấu tạo quang học bao gồm 6 thấu kính chia làm 5 nhóm và độ phóng đại là 0,21x. Sản phẩm có kiểu dáng nhỏ gọn hơn với chiều dài chỉ 39mm, cân nặng 160 gram. Ống kính sử dụng kính lọc filter cỡ 49 mm.\r\nGiá:2.329.000 VND', null, '1500000', null, '2500000', '8', '2017-05-31 23:36:53', '2017-06-29 23:36:57', '9', '200000', '5', '');
INSERT INTO `sanpham` VALUES ('51', '6', 'Ống kính Carl Zeiss Sonnar Vario-Tessar T E 16-70mm f4 ZA OSS', 'Tiêu cự 16 – 70mm (tương đương 24 – 105mm trên máy full-frame)\r\nKhẩu độ tối đa F4.0\r\nHệ thống lấy nét nhanh\r\n7 lá khẩu\r\n\r\nCarl Zeiss Sonnar Vario-Tessar T* E 16-70mm f/4 ZA OSS là dòng ống kính cao cấp của thương hiệu Carl Zeiss – Đức, được đánh giá cao với lớp phủ trong suốt cho 100% ánh sáng đi qua vừa làm ảnh sáng hơn, vừa cho màu trung thực hơn và độ tương phản cao hơn. Ống kính Carl Zeiss Sonnar Vario-Tessar T* E 16-70mm f/4 ZA OSS có tiêu cự rộng 16 – 70mm (tương đương 24 – 105mm trên máy full-frame), khẩu độ mở tối đa f/4.0 và khẩu độ mở tối thiểu f/22 bên cạnh cấu tạo 16 thấu kính chia làm 12 nhóm, cho khoảng cách lấy nét chỉ 0.35 mét. Sản phẩm sẽ là “cánh tay” đắc lực cho các nhiếp ảnh gia hàng đầu.\r\nTHÔNG TIN SẢN PHẨM\r\nDải tiêu cự rộng\r\nSản phẩm sở hữu dải tiêu cự 16 - 70mm (tương đương tiêu cự 24 - 105mm trên máy full-frame). Nhờ đó, bạn có thể chụp thật tốt ảnh chân dung, sự kiện, phong cảnh, ảnh thể thao, thiên nhiên hoang dã,...\r\n\r\nChụp lấy nét nhanh, ảnh có độ sâu và tương phản cao\r\nỐng kính gồm 16 thấu kính nhỏ được chia thành 12 nhóm, cho chất lượng quang học cao với màu sắc sống động và chân thực. Khẩu độ lớn nhất f/4.0 phù hợp với chụp ảnh cận cảnh, tăng cường hiệu ứng xóa nền để có thể làm rõ nét những chi tiết cần thiết. Cùng 7 lá khẩu có độ tròn lý tưởng, đem đến hiệu ứng bokeh mềm mượt, làm nổi bật chủ thể một cách tự nhiên nhất.\r\n\r\nTạo những khoảng khắc tuyệt vời\r\nLà ống kính góc rộng lẫn tầm trung, lý tưởng để chụp trong tất cả điều kiện ánh sáng tự nhiên của môi trường ngay cả trong những tình huống ánh sáng yếu. Thiết kế vừa vặn tay cầm, vẻ ngoài gọn nhẹ, khả năng lấy nét tay chính xác, sản phẩm đặc biệt thích hợp được sử dụng trong các lĩnh vực báo chí.\r\n\r\nTHÔNG SỐ KỸ THUẬT\r\n- Độ dài tiêu cự 16 – 70mm (tương đương 24 – 105mm trên máy full-frame)\r\n- Khẩu độ f/4.0 – f/22\r\n- Phậm vi lấy nét tối thiểu 0.35m – vô cực\r\n- Cấu tạo 16 thấu kính chia làm 12 nhóm\r\n- Trọng lượng 310g\r\n- Ngàm ống kính tương thích E (Sony NEX)\r\n\r\nGiá:17.480.000 VND', null, '2000000', null, '4000000', '4', '2017-05-28 23:37:01', '2017-06-28 23:37:05', '5', '100000', '3', '');
INSERT INTO `sanpham` VALUES ('52', '6', 'Ống kính SIGMA 17-50mm F2.8 EX DC OS HSM cho Canon', 'Tiêu cự 17-50mm đa dụng.\r\nKhẩu độ f2.8 trên toàn dải tiêu cự\r\nTích hợp OS chống rung hiệu quả\r\nHSM lấy nét siêu nhanh; siêu êm\r\n\r\n- Loại Camera Mount: Canon EF\r\n- Định dạng tương thích: Canon (APS - C)\r\n- Hỗ trợ 4 điểm Anti-Shake (OS), Multi-Layered Lens Coating\r\n- Excellent Correction for Aberrations, Hyper-Sonic Motor for Quiet/Fast AF\r\n- Độ dài tiêu cự: 17 - 50 mm\r\n- Khẩu độ: Maximum: f/2.8 - Minimum: f/22\r\n- Góc nhìn: 72.4° - 27.9°\r\n- Khoảng lấy nét tối thiểu: 11\" (27.94 cm)\r\n- Độ phóng đại: 0.20x\r\n- Cấu tạo (Elements/Groups): 17/13\r\n- Số lá khẩu: 17/13\r\n- Kích thước (đường kính x chiều dài): 3.3 x 3.6\" (8.38 x 9.14 cm)\r\n- Trọng lượng: 1.24 lb (565 g)\r\n\r\nGiá:6.219.000 VND', null, '2500000', null, '5000000', '2', '2017-05-29 23:37:09', '2017-06-27 23:37:14', '4', '100000', '7', '\0');
INSERT INTO `sanpham` VALUES ('53', '7', 'Thẻ nhớ 32gb tốc độ cao Up to 90MBs Toshiba UHS-3 Micro SDHC Class10', 'Loại thẻ nhớ: MicroSDHC\r\nHãng sản xuất: Toshiba\r\nTốc độ đọc: 90Mb/s (tối đa)\r\nChất lượng quay video 4K và Full HD\r\nDung lượng: 32GB\r\nHàng chính hãng\r\n\r\nThẻ nhớ MicroSDHC Toshiba Exceria U3 90MB/s với dung lượng lên tới 32GB, giúp bạn có rất nhiều không gian để lưu trữ hình ảnh và video của bạn. Và bạn cũng sẽ không cần phải quan tâm đến việc xóa bất kỳ dữ liệu nào khác khi vấn đề về không gian lưu trữ đã không còn quan trọng.\r\n\r\nThêm nhiều không gian, tiết kiệm thời gian:Với tốc độ cực nhanh lên đến 90MB/s (chỉ đạt tốc độ tối đa ở điều kiện hoàn hảo), thẻ nhớ MicroSD Toshiba Exceria U3 90MB/scó thể nhanh chóng di chuyển tất cả hình ảnh và video của bạn từ điện thoại hoặc máytính bảng của bạn để máy tính.Mang đến chất lượng hình ảnh và Video chất lượng cực cao:thẻ nhớ MicroSD Toshiba Exceria U3 90MB/svới tốc độ cao, cho phép bạn chụp ảnh chất lượng cao 4K và quay video Full HD rất mượt mà.\r\n\r\nMở rộng bộ nhớ của bạn:Với dung lượng lên đến 32 GB.Thẻ nhớ MicroSD Toshiba Exceria U3 90MB/s cung cấp cho bạn rất nhiều dung lượng để lưu trữ hình ảnh, nhạc, video và các tập tin khác.\r\nSiêu bền bỉ:Thẻ nhớ MicroSD Toshiba Exceria U3 90MB/s có thể chống nước, nhiệt độ, chống sock,chống tia X-ray, giữ cho dữ liệu của bạn an toàn.\r\n\r\nGiáL281.000 VND', null, '200000', null, '500000', '1', '2017-05-29 23:40:13', '2017-06-10 23:40:17', '2', '100000', '4', '\0');
INSERT INTO `sanpham` VALUES ('54', '7', 'Thẻ Nhớ Micro SD Ultra Sandisk 32GBClass10-48MBs', 'Dung lượng 32GB\r\nTính tương thích cao\r\nHoạt động bền bỉ và ổn định\r\nDùng cho điện thoại và máy tính bảng\r\nTốc độ đọc ghi nhanh chóng\r\nThẻ nhớ Sandisk Micro SD Ultra Sandisk 32GB Class 10 - 48MB/s (Xám) chuẩn class 10 mang đến tốc độ lưu trữ dữ liệu nhanh chóng phù hợp cho điện thoại, máy ảnh và các thiết bị số của bạn. Bên cạnh đó, với nhiều dung lượng lưu trữ có thể lựa chọn, bạn sẽ không cần phải lo lắng khi lưu trữ nhiều dữ liệu công việc lẫn giải trí. Thẻ nhớ Sandisk Micro SD Ultra Sandisk 32GB Class 10 - 48MB/s (Xám) mang tính tương thích cao với tất cả các thiết bị có hỗ trợ khe cắm thẻ nhớ, sản phẩm sẽ là phụ kiện lý tưởng đồng hành cùng bạn trong cuộc sống hiện đại ngày nay.\r\n\r\n\r\nDung lượng đa dạng, thoải mái lưu trữ\r\nVới dung lượng lưu trữ đa dạng bạn có thể thoải mái lựa chọ để phù hợp nhu cầu sử dụng của mình. Thoả thích lưu trữ và mang theo bên mình mọi bản nhạc, phim ảnh hay trò chơi yêu thích ngay trên chiếc điện thoại, máy ảnh và máy nhạc số của mình.\r\n\r\n\r\nChuẩn thẻ nhớ tốc độ cao\r\nThẻ nhớ Sandisk Micro SD Ultra Sandisk 32GB Class 10 - 48MB/s (Xám) đáp ứng tốc độ lưu trữ nhanh chóng và tính tương thích tốt khi sở hữu chuẩn class 10. Công nghệ thẻ tiên tiến đảm bảo tốc độ đọc và ghi đạt chuẩn và khả năng tính toán nhanh chóng, hoạt động bền bỉ, bảo vệ mọi dữ liệu lâu dài.\r\n\r\n\r\nTính tương thích cao\r\nSản phẩm tương thích với hầu hết với các dòng điện thoại hoặc các thiết bị có hỗ trợ khe cắm thẻ nhớ Micro SD. Chỉ cần sử dụng thêm adapter chuyển đổi, bạn cũng có thể sử dụng thẻ nhớ cho các thiết bị hỗ trợ khe cắm thẻ nhớ SD như máy ảnh số hoặc máy tính, laptop.\r\n\r\n\r\nThiết kế bền bỉ, gọn nhẹ\r\nSản phẩm thiết kế chịu được các điều kiện thời tiết khắc nghiệt. Bên cạnh đó, thẻ nhớ còn tuân thủ các tiêu chuẩn nghiêm ngặt trong việc chống sốc, chống rung, tính ổn định cao. Đồng thời, trọng lượng cực nhẹ và vô cùng nhỏ gọn, bạn có thể mang theo thẻ nhớ và sử dụng ngay khi cần.\r\n\r\nGiá:279.000 VND', null, '250000', null, '750000', '3', '2017-06-25 23:40:21', '2017-06-30 23:40:24', '4', '100000', '5', '');
INSERT INTO `sanpham` VALUES ('55', '8', 'AFI VS-3SD 3 axis electric Gimbal steadicam for DSLR', 'Chống rung điện GIMBAL Steadicam AFI VS-3SD. \r\nSử dụng cân bằng điện 3 chiều. Khả năng tải máy và ống kính trọng lượng 1.7kg. \r\nDễ dàng sử dụng\r\nAn toàn tuyệt đối\r\nThiết kế hiện đại\r\nĐộ bền cao\r\n\r\nGiá:14.500.000 VND\r\n', null, '500000', null, '2500000', '6', '2017-06-01 23:43:08', '2017-06-17 23:43:13', '10', '150000', '10', '\0');
INSERT INTO `sanpham` VALUES ('56', '8', 'Chân máy quay Tripod Libec LX7', 'Chất liệu coa cấp\r\nThiết kế chắc chắn\r\nĐộ bền cao\r\n\r\nGiá:12.490.000 VND', null, '1500000', null, '3000000', '4', '2017-06-11 23:43:17', '2017-06-13 23:43:21', '1', '150000', '12', '');
INSERT INTO `sanpham` VALUES ('57', '8', 'Củ chuyên dụng cho việc chụp Panorama Benro Panorama MP80', 'Giá: 4.290.000 VND\r\n\r\nChuyên dụng cho chụp panorama\r\nChất liệu cao cấp\r\nDễ dàng sử dụng', null, '4200000', null, '8500000', '3', '2017-06-20 23:43:24', '2017-06-24 23:43:28', '2', '200000', '20', '\0');
INSERT INTO `sanpham` VALUES ('58', '9', 'Apple MacBook Pro MLH32 15.6inch Touch Bar and Touch ID', 'Chip :2.6GHz quad-core Intel Core i7 processor, Turbo Boost up to 3.5GHz\r\nRam: 16GB 2133MHz memory\r\nHard-Drive: 256GB PCIe-based SSD\r\nVGA: Radeon Pro 450 with 2GB memory\r\nSpecial :Four Thunderbolt 3 ports\r\n	Touch Bar and Touch ID\r\nGiá :57.500.000 VND', null, '35000000', null, '55000000', '7', '2017-05-28 23:56:48', '2017-06-22 23:58:07', '6', '150000', '35', '\0');
INSERT INTO `sanpham` VALUES ('59', '9', 'Asus GL552VX-DM310D', 'Bộ vi xử lý : Intel® Core™ i5-6300HQ Processor (6M Cache, up to 3.20 GHz)\r\nBộ nhớ RAM : 4 GB (DDR4 bus 2133MHz)\r\nĐồ họa : NVIDIA Geforce GTX 950M (4 GB)\r\nỔ đĩa cứng : 1 TB(HDD)\r\nMàn hình : 15.6 inch (Full HD 1920 x 1080 pixels)\r\nPin : 4 cell\r\nCông nghệ màn hình : Full HD\r\nGiá: 18.490.000 VND', null, '21000000', null, '28000000', '1', '2017-05-29 23:56:53', '2017-06-10 23:58:11', '2', '200000', '27', '\0');
INSERT INTO `sanpham` VALUES ('60', '9', 'ASUS K551LA-XX317H 15.6 inch', 'Xử lý Intel Core i5-4210U 1.7GHz 3MB\r\nBộ nhớ RAM 6GB DDR3\r\nỔ cứng 500GB 5400rpm\r\nĐồ hoạ Intel HD Graphics 4400\r\nGiá :25.790.000 VND', null, '15000000', null, '21000000', '2', '2017-05-30 23:56:57', '2017-06-25 23:58:15', '5', '300000', '40', '');
INSERT INTO `sanpham` VALUES ('61', '9', 'Asus TP501UB-DN033T', 'CPU: Intel Core i5-6200U (3MB Cache, up to 2.8GHz) \r\nRam: 4Gb DDR3 \r\nỔ cứng: 500GB HDD\r\nMàn hình: 15.6\"FHD Touch screen\r\nVGA: NVIDIA Geforce GT940M 2GB\r\nVram OS: Windows 10 \r\nVỏ: Nhôm Trọng lượng: 2,2 Kg\r\nGiá :14.390.000 VND', null, '12000000', null, '15000000', '6', '2017-05-28 23:57:01', '2017-06-26 23:58:19', '4', '100000', '22', '\0');
INSERT INTO `sanpham` VALUES ('62', '9', 'ASUS UX501VW-FI084T 15.6 inch', 'Intel Core i7-6700HQ Processor (4 x 2.60GHz) - Max Turbo Frequency: 3.50GHz\r\n(8GB Onboard) + (1 x 8GB) DDR4\r\n2133MHz (1 slot)\r\n128GB SSD (M.2 2280) + 1TB SATA3 (5400rpm)\r\n15.6\" IPS UHD (3840x2160)LED Backlight (Anti-glare)\r\nNVIDIA GeForce GTX 960M (4GB GDDR5 VRAM; Bus Width: 128 bit) ; Intel HD Graphics 530 - \r\n4 Cell Int Li-Polymer (60 Whrs)\r\nGiá:33.000.000 VND', null, '13000000', null, '17500000', '4', '2017-05-29 23:57:05', '2017-06-16 23:58:22', '8', '100000', '1', '\0');
INSERT INTO `sanpham` VALUES ('63', '9', 'Dell Inspiron 13-7359', 'Bộ vi xử lý: Intel core i7-6500U 2.5GHz (4M Cache, up to 3.1 GHz).\r\nMàn hình: 13.3 inch Full HD (1920x1080 pixels).\r\nBộ nhớ RAM: 8 GB DDR3 1600Mhz.\r\nỔ cứng: SSD 256GB.\r\nĐồ họa: Intel HD Graphic 520.\r\nCổng kết nối: USB, HDMI, LAN (RJ45), 3.5mm jack, SD.\r\nMạng và không dây: Wifi 802.11 b/g/n + Bluetooth v4.0.\r\nPin: 3 cell.\r\nKích thước: 331 x 222 x 19 mm.\r\nTrọng lượng: 1.67 kg.\r\nGiá 20.000.000 VND', null, '30000000', null, '35000000', '5', '2017-05-30 23:57:09', '2017-06-10 23:58:28', '7', '100000', '35', '');
INSERT INTO `sanpham` VALUES ('64', '9', 'Dell Inspiron 3552 CE 15.6inch', 'Bộ vi xử lý Celeron Dual Core N3050U (1.6GHz up to 2.16Ghz; 3Mb Cache L3)\r\nBộ nhớ trong 2GB DDR3 Buss 1600Mhz\r\nỔ đĩa cứng 500GB 5400Rpm\r\nMàn Hình 15.6\" HD (1366x768)\r\nCard đồ họa Intel HD Graphics\r\nGiá 5.631.800 VND', null, '12000000', null, '17000000', '1', '2017-05-28 23:57:13', '2017-06-14 23:58:25', '6', '100000', '2', '');
INSERT INTO `sanpham` VALUES ('65', '9', 'Dell Vostro 3568 XF6C61 15.6inch', 'CPU: Intel® Core™ i5-7200U Processor (3M Cache, 2.5 up to 3.1 GHz)\r\nMàn hình: 15.6 inch - 16:9 HD (1366x768) LED Backlight\r\nĐồ họa: Integrated Intel® HD Graphics 620\r\nRam: 4GB DDR4 2400 MHz SDRAM\r\nỔ cứng: 1000GB SATA 5400rpm\r\nGiá :12.190.000 VND', null, '13500000', null, '21000000', '10', '2017-05-29 23:57:17', '2017-06-29 23:58:32', '9', '100000', '4', '\0');
INSERT INTO `sanpham` VALUES ('66', '9', 'DELL XPS 13-9350', 'Kích cỡ màn hình (inch) 13.3 QHD+ Touchscreen\r\nBộ vi xử lí Intel Core i5 6200U\r\nCPU Speed (GHz) 2.3\r\nSSD (GB): 256GB\r\nBộ nhớ trong: 8GB Ram\r\nThời lượng pin 8h\r\nGiá 27.500.000 VND\r\n', null, '10000000', null, '15000000', '7', '2017-05-30 23:57:22', '2017-06-24 23:58:36', '8', '150000', '8', '\0');
INSERT INTO `sanpham` VALUES ('67', '9', 'Elitebook Folio 1040', 'CPU: Intel Core i7-4650U 1.7Ghz Turbo Boost lên đến 3.3 GHz\r\nRAM: 4GB DDRIII 1600MHz\r\nỔ cứng: 256GB SSD\r\nMàn hình: 14inch FullHD 1920 x 1080\r\nGiá 16.129.000 VND', null, '16000000', null, '17000000', '2', '2017-05-28 23:57:26', '2017-06-17 23:58:40', '3', '150000', '38', '\0');
INSERT INTO `sanpham` VALUES ('68', '9', 'HP-Pavilion 15-BC018TX X3C06PA', 'CPU: Intel Core i7 6700HQ 2.6GHz, 6MB\r\nMàn hình: 15.6\" công nghệ WLED-backlit\r\nVGA: GeForce GTX960M 4GB\r\nRAM: 8 GB DDR4-2133 SDRAM (1 x 8 GB)\r\nDung lượng ổ cứng:	1TB SATA 7200rpm\r\nLoại ổ đĩa :	HDD\r\nGiá: 17tr8', null, '15000000', null, '18000000', '5', '2017-05-30 23:57:30', '2017-06-21 23:58:48', '4', '100000', '21', '\0');
INSERT INTO `sanpham` VALUES ('69', '9', 'Laptop Hp Elitebook 840', 'Bộ vi xử lý Intel Skylate Core I5-6300U Processor (2.4GHz; 3Mb cache)\r\nCard đồ họa Intel HD Graphics 520\r\nBộ nhớ 8GB DDR4 2133MHz\r\nHDD	:256Gb SSD M2 SATA 3\r\nDisplay	:14.0 inche Anti-glare LED backlit High Definition Full HD 1920*1080\r\nGiá : 21.500.000 VND\r\n', null, '13000000', null, '24000000', '4', '2017-05-31 23:57:35', '2017-07-07 23:58:52', '1', '100000', '6', '');
INSERT INTO `sanpham` VALUES ('70', '9', 'Laptop HP Envy 17 - K250 15.6 inch', 'Core i7 5500U 2.4Ghz 4MB\r\nRAM 8GB Bus 1600\r\nCard Đồ Họa : 2GB Nividia Geforce GT840M + Intel Graphics HD 5500\r\nDung Lượng HDD : 1TB-5400rpm Sata\r\nỔ Quang  : DVDRW+DL\r\nMàn Hình : 17.3” BrightView HD (1600x900) Led Backlist Display\r\nLoại Pin : 4 Cell Lithium Ion \r\nGía: 17.190.000 VND', null, '22000000', null, '28000000', '2', '2017-05-28 23:57:40', '2017-07-08 23:58:55', '1', '100000', '5', '\0');
INSERT INTO `sanpham` VALUES ('71', '9', 'Macbook Air 13 MMGF2ZPA', 'Công nghệ CPU :	Core i5 Dual-Core 1.60 GHz 3 MB (L3 Cache) upto 2.7 GHz\r\nRam 8GB/LPDDR3/1600Mhz\r\nSSD 128GB\r\nIntel HD GraPhics 6000\r\n13.3 inch LED-backlit\r\n', null, '50000000', null, '59000000', '5', '2017-05-29 23:57:44', '2017-06-26 23:58:58', '6', '100000', '81', '');
INSERT INTO `sanpham` VALUES ('72', '9', 'pple Macbook Pro 13.3 inch New 2016', 'Bộ vi xử lý	Intel Core i5\r\nCPU Speed	2-3GHz\r\nKích thước màn hình	13.0\r\nGraphics Card	Intel\r\nGraphics Memory	4GB\r\nHard Drive Capacity	256GB\r\nBộ nhớ hệ thống (MB)	4GB\r\nGiá 30.932.000 VND', null, '27000000', null, '40000000', '7', '2017-05-28 23:57:48', '2017-06-28 23:59:00', '8', '100000', '1', '\0');
INSERT INTO `sanpham` VALUES ('73', '9', 'Sony SVF15', 'HDD:500G\r\nVGA: GT 740M 2G\r\nmàn hình : 15.6 inch\r\nCpu: core i5 4200U\r\nRam : 4G\r\nGiá: 11.735.000 VND', null, '13000000', null, '21000000', '4', '2017-05-30 23:57:52', '2017-06-17 23:59:05', '2', '100000', '3', '');
INSERT INTO `sanpham` VALUES ('74', '9', 'Sony Vaio SV-T14113CX', 'CPU: Intel\\u00ae Core\\u2122 i3-3217U Processor (1.80 GHz, 3M Cache)\r\nRAM: 4 GB DDR3\r\nổ cứng: 500 GB\r\nCard Mành ình: Intel HD Graphics\r\nMàn hình: 13.3 inch HD LED 1366x768\r\nBattery: 6-cell Lithium-Ion (Li-Ion)\r\nGiá :13.489.000 VND', null, '16000000', null, '24000000', '2', '2017-05-30 23:57:55', '2017-06-08 23:59:10', '1', '200000', '21', '\0');
INSERT INTO `sanpham` VALUES ('75', '9', 'Z0RD00009 Pro-15.4incj', 'MacBook Pro 15,4 inch\r\n- 15.4 inch (2880 x 1800)\r\n· OS X EI Capitan (10.11.6)\r\nBộ xử lý 2.8GHz Intel Core i7\r\nBộ nhớ 16GB 1600MHz DDR3\r\n· SSD 1TB\r\n· Intel Iris Pro 1536MB\r\n· NVIDIA Geforce GT 750m\r\nVà ổ đĩa quang None\r\n· AC adapter\r\nGiá 36tr', null, '17000000', null, '20000000', '10', '2017-05-28 23:57:59', '2017-07-04 23:59:13', '3', '200000', '36', '');
INSERT INTO `sanpham` VALUES ('76', '10', 'iMac 21.5 2.3GHz 1TB 8GB 2017 (MMQA2)', '21.5 \"TFT-glossy finish 16: 9 widescreen display with resolution of 1920 x 1080\r\n2.3 GHz, two-iytiminen Intel Core i5 processor\r\n8 GB of main memory (fixed, non-exchangeable retrospectively)\r\n1 TB hard drive (5400 rpm)\r\nIntel Iris 640 Plus Graphics Card\r\nTwo 3-Thunderbolt, four USB 3.0, headphone and Gigabit Ethernet connections\r\nSDXC memory card slot\r\nFaceTime HD camera\r\nstereo Speakers\r\nGigabit Ethernet, 802.11ac Wi-Fi, Bluetooth 4.2 \r\nMacOS Sierra\r\nMid 2017 -malliversio\r\nGiá: 27.850.000 VND\r\n\r\n\r\n21.5 \"TFT-glossy finish 16: 9 widescreen display with resolution of 1920 x 1080\r\n2.3 GHz, two-iytiminen Intel Core i5 processor\r\n8 GB of main memory (fixed, non-exchangeable retrospectively)\r\n1 TB hard drive (5400 rpm)\r\nIntel Iris 640 Plus Graphics Card\r\nTwo 3-Thunderbolt, four USB 3.0, headphone and Gigabit Ethernet connections\r\nSDXC memory card slot\r\nFaceTime HD camera\r\nstereo Speakers\r\nGigabit Ethernet, 802.11ac Wi-Fi, Bluetooth 4.2 \r\nMacOS Sierra\r\nMid 2017 -malliversio', null, '21000000', null, '25000000', '1', '2017-06-01 00:03:27', '2017-06-21 00:03:41', '2', '100000', '12', '\0');
INSERT INTO `sanpham` VALUES ('77', '10', 'Máy tính bộ Intel® core i7 2600 RAM 16GB 2TB (Dell 22inch)', 'Màn hình: LCD WIDE LED DELL 22 inch\r\nCPU: Intel® Core™ i7-2600 Processor 8M Cache, up to 3.80 GHz\r\nMainboard: Gigabyte/Asus H61\r\nRAM DDR3: 16GB/bus1600\r\nỔ cứng: Seagate SATA3 - 2TB\r\n\r\nGiá: 14.287.000 VND\r\n\r\nThông số kỹ thuật:\r\n\r\n- Màn hình: LCD Wide Led DELL 22 INCH\r\n\r\n- Chipset: Intel® Core™ i7-2600 Processor 8M Cache, up to 3.80 GHz\r\n\r\n- Mainboard: Gigabyte/Asus H61\r\n\r\n- RAM DDR3: Kingmax 16GB /bus1600\r\n\r\n- Ổ cứng HDD: Seagate SATA3 2TB\r\n\r\n- Card: VGA 1GB Full Onboard\r\n\r\n- Fan: intel zin\r\n\r\n- Case: to xịn, cứng cáp mạnh mẽ sang trọng siêu bền\r\n\r\n- Nguồn: 400 - 700W loại 01', null, '17000000', null, '22000000', '10', '2017-06-03 00:03:33', '2017-06-27 00:03:45', '5', '100000', '27', '\0');
INSERT INTO `sanpham` VALUES ('78', '10', 'Máy tính để bàn All In One T-REX TM2474HD5', 'Bộ xử lý: Intel Core i7-4558U Processor (3M Cache, up to 3.3 GHz)\r\nMàn hình: 23.5\" Inch độ phân giản 1920 x 1080 (16:9 aspect ratio)\r\nCard mạng: 10/100/1000 Mb/s, Wireless LAN 802.11b/g/n\r\nCổng giao tiếp chân: 4 USB, 1VGA, 1 HDMI, 1 Audio out\r\nWebcam: Tích hợp sẵn 1.3 megapixel\r\nGiá:13.200.000 VND\r\n\r\n\r\nT – Rex là một thương hiệu máy tính bộ all in one mới chưa được biết đến nhiều tại thị trường Việt Nam. Tuy nhiên thương hiệu này lại đang mang đến thị trường Việt Nam một dòng sản phẩm Khủng về cấu hình, với mức giá vô cùng hợp lý.\r\nSản phẩm của T-rex tập trung ở phân khúc khách hàng tầm trung với mức giá giao động từ 10 triệu đến 13 triệu, Với màu bạc sang trọng, nhiều tùy chọn cấu hình & kích thước màn hình.\r\nVề ngoại hình\r\nThiết kế thanh mảnh màu bạc sang trọng với viền chỉ dày 10mm được vát kim cương tinh tế và ở vị trí dày nhất cũng chỉ 10cm. Với thiết kế này T-rex sẽ là một sự lựa chọn hoàn hảo cho những công ty, văn phòng, hay gia đình có diện tích khiêm tốn hoặc đơn giản là bạn muốn chỗ làm việc của mình được rộng rãi hơn, thỏa mái hơn.\r\nTuy với kích thước mỏng như vậy nhưng T-rex vẫn được nhà sản xuất trang bị đầy đủ các cổng kết nối cơ bản phục vụ cho công việc & giải trí: 4 cổng USB 2.0, 3 cổng USB3.0, 1 cổng HDMI, Cổng VGA, Jack Audio 3.5mm, Cổng mạng LAN, trang bị sẵn card WiFi, Camera trước, Loa 2 bên công xuất 2W.\r\nDòng sản phẩm T-rex được trang bị màn hình IPS Full HD (1920 x 1080) tỉ lệ 16:9, cho hiển thị rõ nét, màu sắc sống động và đặc biệt màn hình của T-rex mang đến cho bạn một góc nhìn cực rộng lên đến 170°.\r\nVề mặt hiệu năng.\r\nThiết kế của T-rex cho phép máy hoạt động ổn định, đối lưu tốt giúp máy tản nhiệt hoàn hảo. Không giống như những sản phẩm cùng loại, ở cùng phân khúc. T-rex khi hoạt động không hề bị nóng giúp kéo dài tuổi thọ của thiết bị Khi sử dụng phần mềm ép máy hoạt động ở mức tối đa, trong thời gian dai thì nhiệt độ của máy cũng chỉ khoảng 65°(Tương đương với nhiệt độ của các máy laptop dòng cao cấp) .\r\nỞ phân khúc giá này thì T-rex là một lựa chọn đáng lưu tâm khi quyết định mua một máy bộ All in one .\r\nT-rex được phân phối độc quyền bới Thuận Tiến Group, khi mua máy tại đây các bạn sẽ hoàn toàn yên tâm với thời hạn bảo hành lên tới 12 tháng. Ngoài ra các bạn còn được tặng kèm bộ bàn phím & chuột không dây chính hãng.', null, '19000000', null, '25000000', '5', '2017-05-31 00:03:36', '2017-06-17 00:03:49', '4', '100000', '38', '');
INSERT INTO `sanpham` VALUES ('79', '11', 'Cisco WS-C2960-48TT-L 48 ports', 'Giá: 27.000.000 VND\r\nChất liệu cao cấp\r\nĐộ bền cao\r\nAn toàn khi sử dụng\r\nHãng sản xuất Cisco Model WS-C2960-48TT-L Cổng Ethernet 48 port 10/100 Cổng quang 1 SFP Gigabit IEEE • IEEE802.3• IEEE802.3x• IEEE802.3u• IEEE802.3z• IEEE802.3ab• EEE802.1D• IEEE802.1p• IEEE802.1Q• IEEE802.1w• IEEE802.3ad Nhiệt độ làm việc -5º to 45ºC Trọng lượng 5-7kg', null, '22000000', null, '29000000', '2', '2017-05-29 00:06:32', '2017-06-21 00:06:44', '5', '150000', '10', '');
INSERT INTO `sanpham` VALUES ('80', '11', 'Gigabit Switch Totolink S505G', '5 ports 10/100/1000Mbps, Auto negotiation (MDI/MDIX)\r\nGiá:645.000.000 VND', null, '15000000', null, '29000000', '4', '2017-06-02 00:06:38', '2017-06-24 00:06:48', '7', '150000', '7', '');
INSERT INTO `sanpham` VALUES ('81', '11', 'Thiết bị chuyển mạch tự động BS1600HS', 'Bộ chuyển đổi nguồn tự động SHIHLIN/TAIWAN do Đài Loan sản xuất được sử dụng cho tất cả các công trình công nghiệp, các nhà máy, xưởng sản xuất, chung cư, tòa nhà văn phòng…\r\nMã SP: BS1600HS\r\nSuất xứ: Đài Loan\r\nTiêu chuẩn: IEC 60947-2\r\nSố pha: 3P\r\nDòng định mức: 1400A-1600A\r\nDòng cắt: BS1600HS: 220V-130kA, 380V-100kA\r\nĐiện áp: 220V-380V\r\n\r\nGiá:198.108.000 VND', null, '10000000', null, '15000000', '10', '2017-05-28 00:06:41', '2017-06-25 00:06:51', '8', '200000', '8', '');
INSERT INTO `sanpham` VALUES ('82', '12', 'Bo mạch chủ ASROCK Fatal1ty B250 Gaming K4', 'Giá: 3.320.000 VND\r\n\r\naming Armor Power - Hi-Density Power Connectors (24 pin and 8 pin) Memory - 15μ Gold Contact in DIMM Slots VGA Card - 15μ Gold Contact in VGA PCIe Slot (PCIE2) Internet - Intel® LAN Cooling - XXL Aluminum Alloy Heatsink Audio - Creative Sound Blaster™ Cinema 3\r\nUnique Feature ASRock Super Alloy - XXL Aluminum Alloy Heatsink - Premium 40A Power Choke - Nichicon 12K Black Caps (100% Japan made high quality conductive polymer capacitors) - I/O Armor - Matte Black PCB - High Density Glass Fabric PCB ASRock Intel® 4-Layer Memory POOL (Planes on Outer Layers) Technology ASRock Steel Slots ASRock Ultra M.2 (PCIe Gen3 x4 & SATA3) ASRock Full Spike Protection ASRock Live Update & APP Shop\r\nCPU - Supports 7th and 6th Generation Intel® Core™ i7/i5/i3/Pentium®/Celeron® Processors (Socket 1151) - Digi Power design - 8 Power Phase design - Supports Intel® Turbo Boost 2.0 Technology\r\nChipset - Intel® B250\r\nMemory - Dual Channel DDR4 Memory Technology - 4 x DDR4 DIMM Slots - Supports DDR4 2400/2133 non-ECC, un-buffered memory* - Supports ECC UDIMM memory modules (operate in non-ECC mode) - Max. capacity of system memory: 64GB** - Supports Intel® Extreme Memory Profile (XMP) 2.0 - 15μ Gold Contact in DIMM Slots   *7th Gen Intel® CPU supports DDR4 up to 2400; 6th Gen Intel® CPU supports DDR4 up to 2133. **Due to the operating system limitation, the actual memory size may be less than 4GB for the reservation for system usage under Windows® 32-bit OS. For Windows® 64-bit OS with 64-bit CPU, there is no such limitation.\r\nBIOS - 128Mb AMI UEFI Legal BIOS with multilingual GUI support - ACPI 6.0 Compliant wake up events - SMBIOS 2.7 Support - CPU, GT_CPU, DRAM, VPPM, PCH 1.0V, VCCIO, VCCST, VCCSA, VCCPLL Voltage Multi-adjustment\r\nGraphics - Supports Intel® HD Graphics Built-in Visuals : Intel® Quick Sync Video with AVC, MVC (S3D) and MPEG-2 Full HW Encode1, Intel®InTru™ 3D, Intel® Clear Video HD Technology, Intel® Insider™, Intel® HD Graphics - Gen9 LP, DX11.3, DX12 - HWA Encode/Decode: VP8, HEVC 8b, VP9, HEVC 10b (For 7th Gen Intel® CPU) - HWA Encode/Decode: VP8, HEVC 8b; GPU/SWEncode/Decode: VP9, HEVC 10b (For 6th Gen Intel® CPU) - Max. shared memory 1024MB** - Three graphics output options: D-Sub, DVI-D and HDMI - Supports Triple Monitor - Supports HDMI with max. resolution up to 4K x 2K (4096x2160) @ 24Hz / (3840x2160) @ 30Hz - Supports DVI-D with max. resolution up to 1920x1200 @ 60Hz - Supports D-Sub with max. resolution up to 1920x1200 @ 60Hz - Supports Auto Lip Sync, Deep Color (12bpc), xvYCC and HBR (High Bit Rate Audio) with HDMI Port (Compliant HDMI monitor is required) - Supports HDCP with DVI-D and HDMI Ports - Supports Full HD 1080p Blu-ray (BD) playback with DVI-D and HDMI Ports   *Intel® HD Graphics Built-in Visuals and the VGA outputs can be supported only with processors which are GPU integrated. **The size of maximum shared memory may vary from different operating systems. ***Due to chipset limitation, the Blu-ray playback of Intel® HD Graphics is only supported under Windows® 8 / 8 64-bit / 7 / 7 64-bit. ****Intel® InTru™ 3D is only supported under Windows® 8 / 8 64-bit / 7 / 7 64-bit.\r\nAudio - 7.1 CH HD Audio with Content Protection (Realtek ALC1220 Audio Codec) - Premium Blu-ray Audio support - Supports Surge Protection (ASRock Full Spike Protection) - Nichicon Fine Gold Series Audio Caps - 120dB SNR DAC with Differential Amplifier - TI® NE5532 Premium Headset Amplifier for Front Panel Audio Connector (Supports up to 600 Ohm headsets) - Pure Power-In - Direct Drive Technology - PCB Isolate Shielding - Impedance Sensing on Front Out port - Individual PCB Layers for R/L Audio Channel - AURA RGB LED - Gold Audio Jacks - 15μ Gold Audio Connector - Supports Creative Sound Blaster™ Cinema 3\r\nLAN - Gigabit LAN 10/100/1000 Mb/s - Giga PHY Intel® I219V - Supports Wake-On-LAN - Supports Lightning/ESD Protection (ASRock Full Spike Protection) - Supports Energy Efficient Ethernet 802.3az - Supports PXE\r\nSlots - 2 x PCI Express 3.0 x16 Slots (PCIE2: x16 mode; PCIE4: x4 mode)* - 4 x PCI Express 3.0 x1 Slots (Flexible PCIe)* - Supports AMD Quad CrossFireX™ and CrossFireX™ - 1 x M.2 Socket (Key E), supports type 2230 WiFi/BT module** - 15μ Gold Contact in VGA PCIe Slot (PCIE2)   *Supports NVMe SSD as boot disks If PCIE5 or PCIE6 is occupied, PCIE4 will run at x2 mode. **If M2_3 is occupied, PCIE3 will be disabled.\r\nStorage - 6 x SATA3 6.0 Gb/s Connectors, support NCQ, AHCI and Hot Plug* - 1 x Ultra M.2 Socket (M2_1), supports M Key type 2230/2242/2260/2280 M.2 SATA3 6.0 Gb/s module and M.2 PCI Express module up to Gen3 x4 (32 Gb/s)** - 1 x M.2 Socket (M2_2), supports M Key type 2230/2242/2260/2280 M.2 SATA3 6.0 Gb/s module and M.2 PCI Express module up to Gen3 x2 (16 Gb/s)**   *If M2_1 is occupied by a SATA-type M.2 device, SATA_5 will be disabled. If M2_2 is occupied by a SATA-type M.2 device, SATA_0 will be disabled. **Supports ASRock U.2 Kit Supports Intel® Optane™ Technology (M2_1 only) Supports NVMe SSD as boot disks\r\nConnector - 1 x COM Port Header - 1 x TPM Header - 1 x Chassis Intrusion Header - 1 x Power LED and Speaker Header - 1 x AURA RGB LED Header* - 1 x CPU Fan Connector (4-pin)** - 2 x Chassis Fan Connectors (4-pin) (Smart Fan Speed Control) - 1 x Chassis Optional/Water Pump Fan Connector (4-pin) (Smart Fan Speed Control)*** - 1 x 24 pin ATX Power Connector (Hi-Density Power Connector) - 1 x 8 pin 12V Power Connector (Hi-Density Power Connector) - 1 x Front Panel Audio Connector (15μ Gold Audio Connector) - 1 x Thunderbolt™ AIC Connector (5-pin) - 1 x Thunderbolt™ AIC Connector (10-pin)**** - 3 x USB 2.0 Headers (Support 5 USB 2.0 ports) (Supports ESD Protection (ASRock Full Spike Protection)) - 1 x USB 3.0 Header (Supports 2 USB 3.0 ports) (Supports ESD Protection (ASRock Full Spike Protection))   *Supports up to 12V/3A, 36W LED Strip. **The CPU Fan Connector supports the CPU fan of maximum 1A (12W) fan power. ***The Chassis Optional/Water Pump Fan supports the water cooler fan of maximum 1.5A (18W) fan power. CHA_FAN2 can auto detect if 3-pin or 4-pin fan is in use. ****Only one Thunderbolt™ AIC Card is supported.\r\nRear Panel I/O - 2 x Antenna Ports - 1 x PS/2 Mouse/Keyboard Port - 1 x D-Sub Port - 1 x DVI-D Port - 1 x HDMI Port - 1 x Optical SPDIF Out Port - 1 x USB 2.0 Port (Supports ESD Protection (ASRock Full Spike Protection)) - 1 x Fatal1ty Mouse Port (USB 2.0) (Supports ESD Protection (ASRock Full Spike Protection)) - 3 x USB 3.0 Type-A Ports (Supports ESD Protection (ASRock Full Spike Protection)) - 1 x USB 3.0 Type-C Port (Supports ESD Protection (ASRock Full Spike Protection)) - 1 x RJ-45 LAN Port with LED (ACT/LINK LED and SPEED LED) - HD Audio Jacks: Rear Speaker / Central / Bass / Line in / Front Speaker / Microphone (Gold Audio Jacks)\r\nSoftware and UEFI Software - ASRock AURA RGB LED - ASRock Key Master - ASRock APP Charger - ASRock XFast LAN* UEFI - ASRock EZ Mode - ASRock Full HD UEFI - ASRock My Favorites in UEFI - ASRock Instant Flash - ASRock Internet Flash - ASRock Crashless BIOS - ASRock UEFI Tech Service   *These utilities can be downloaded from ASRock Live Update & APP Shop.\r\nSupport CD - Drivers, Utilities, AntiVirus Software (Trial Version), Google Chrome Browser and Toolbar\r\nAccessories - Quick Installation Guide, Support CD, I/O Shield - 2 x SATA Data Cables - 3 x Screws for M.2 Sockets\r\nHardware Monitor - Temperature Sensing: CPU, Chassis, Chassis Optional/Water Pump Fans - Fan Tachometer: CPU, Chassis, Chassis Optional/Water Pump Fans - Quiet Fan (Auto adjust chassis fan speed by CPU temperature): CPU, Chassis, Chassis Optional/Water Pump Fans - Fan Multi-Speed Control: CPU, Chassis, Chassis Optional/Water Pump Fans - CASE OPEN detection - Voltage monitoring: +12V, +5V, +3.3V, CPU Vcore, DRAM, VPPM, PCH 1.0V, VCCSA, VCCST\r\nForm Factor - ATX Form Factor: 12.0-in x 9.6-in, 30.5 cm x 24.4 cm\r\nOS - Microsoft® Windows® 10 64-bit (For 7th Gen Intel® CPU) - Microsoft® Windows® 10 64-bit / 8.1 64-bit / 7 32-bit / 7 64-bit (For 6th Gen Intel® CPU)*   *To install Windows® 7 OS, a modified installation disk with xHCI drivers packed into the ISO file is required. Please check our User Manual for more detailed instructions. For the updated Windows® 10 driver, please visit ASRock\'s website for details.\r\nCertifications - FCC, CE, WHQL - ErP/EuP ready (ErP/EuP ready power supply is required)', null, '2500000', null, '5000000', '9', '2017-05-29 00:15:47', '2017-06-23 00:16:18', '7', '100000', '10', '\0');
INSERT INTO `sanpham` VALUES ('83', '12', 'Bo mạch chủ Giga H61 DS2', 'Mainboard GIGABYTE™ H61M\r\n. Chipset Intel® H61\r\n. DDR3 1333/1066/800 MHz\r\nGia1.039.000 VND\r\n\r\n-DS2 V 5.0\r\nCPU hỗ trợ\r\nSupport for Intel® Core™ i7 processors/Intel® Core™ i5 processors/ Intel® Core™ i3 processors/Intel® Pentium® processors/Intel® Celeron® processors in the LGA1155 package\r\nChipset\r\nIntel® H61\r\nBộ nhớ trong\r\n2 x DDR3 1333/1066/800 MHz, Un\r\n-buffered Memory up to 16GB\r\nDuad Channel Memory Architecture\r\nVGA onboard\r\nIntegrated Graphics Processor\r\n- Intel® HD Graphics support\r\nMulti\r\n-VGA output\r\nÂm thanh\r\nRealtek ALC887 audio codec\r\nHigh Definition Audio\r\n2/4/5.1/7.1\r\n-channel\r\nMạng\r\nIntel®, 1 x Gigabit LAN Controller(s)\r\nKhe mở rộng\r\n1 x PCI Express x16 slot, running at x16\r\n(The PCI Express x16 slot conforms to PCI Express 3.0 standard.)\r\n* Whether PCI Express 3.0 is supported depends on CPU and graphics card compatibility.\r\n2 x PCI Express x1 slots\r\nChuẩn lưu trữ\r\n4 x SATA 3Gb/s connectors supporting up to 4 SATA 3Gb/s devices\r\nCổng giao tiếp trước và sau\r\n1 x PS/2 keyboard port\r\n1 x PS/2 mouse port\r\n1 x D-Sub port\r\n1 x parallel port\r\n1 x serial port\r\n4 x USB 2.0/1.1 ports\r\n1 x RJ-45 port\r\n3 x audio jacks (Line In, Line Out, Microphone)', null, '2000000', null, '4500000', '8', '2017-05-30 00:15:52', '2017-06-18 00:16:21', '7', '100000', '17', '');
INSERT INTO `sanpham` VALUES ('84', '12', 'Card màn hình Biostar GTX1050 Ti 4GB GDDR5 128bit -Dual Fan', ' NVIDIA GeForce GTX1050Ti GPU\r\n- 4GB GDDR5, 128bit, dual fan design\r\n- NVIDIA super 768 CUDA processing\r\n- DVI/display port/HDMI output support\r\n- PCI Express 3.0 x16 bus interface\r\n- Support NVIDIA PuroVideo HD Technology\r\n- Complete DirectX 12 support\r\n- Support NVIDIA PhyX and CUDA Technology\r\n\r\nGia:4.150.000 VND', null, '3000000', null, '4500000', '1', '2017-06-03 00:15:55', '2017-06-24 00:16:25', '8', '100000', '21', '');
INSERT INTO `sanpham` VALUES ('85', '12', 'Ổ đĩa quang DVDW lắp ngoài Asus SDRW-08D2S-U LITE', 'Sự kết hợp hoàn hảo giữa công nghệ và mỹ thuật\r\n\r\nGhi đĩa với khả năng bảo vệ dữ liệu tối đa chỉ trong 3 bước, và tính năng Disc Encription đơn giản cho phép bạn làm việc này dễ dàng.\r\n\r\nDáng vẻ sang trọng hiện thân cho sự kết hợp hoàn hảo giữa công nghệ và mỹ thuật\r\nDisc Encription tăng gấp đôi khả năng bảo vệ dữ liệu với tính năng kiểm soát mật mã và ẩn tập tin\r\nGiao diện kéo-và-sao chép (Drag-and-burn) hoàn tất công việc trong ba bước đơn giản\r\nThêm vào danh sách so sánh\r\nIn\r\nMore Sharing ServicesShareShare on facebook\r\nBảo mật gấp đôi ngay lập tức\r\nDisc Encription tăng gấp đôi khả năng bảo vệ dữ liệu với tính năng kiểm soát mật mã và ẩn tập tin\r\n\r\n\r\n3 bước đơn giản để hoàn thành quá trình ghi đĩa\r\nGiao diện kéo-và-sao chép (Drag-and-burn) hoàn tất công việc trong ba bước đơn giản\r\n\r\n\r\nThiết kế sáng và bóng loáng\r\nDáng vẻ sang trọng hiện thân cho sự kết hợp hoàn hảo giữa công nghệ và mỹ thuật\r\n\r\nGiá:1.650.000 VND', null, '1000000', null, '2000000', '3', '2017-06-01 00:15:59', '2017-06-07 00:16:28', '2', '100000', '23', '');
INSERT INTO `sanpham` VALUES ('86', '12', 'Ram GSKILL 16GB DDR4 (2x8GB) Bus 3000 - F4-3000C15D-16GRBB', 'Loại bộ nhớ: DDR4\r\nDung lượng: 16GB (2x8GB)\r\nTốc độ bus: 3000\r\nTản nhiệt: Ripjaws4 Blue\r\nGiá:3.662.500 VND', null, '3000000', null, '5000000', '5', '2017-05-30 00:16:03', '2017-06-15 00:16:32', '4', '100000', '22', '');
INSERT INTO `sanpham` VALUES ('87', '12', 'Ram GSKILL 32GB DDR4 Bus 3200 F4-3200C15Q-32GVR', 'Loại bộ nhớ: DDR4\r\nDung lượng: 32GB (4x8GB)\r\nTốc độ bus: 3200\r\nTản nhiệt: RIPJAWS V\r\nGiá:9.884.000 VND\r\n\r\n', null, '1500000', null, '3500000', '5', '2017-06-02 00:16:07', '2017-06-17 00:16:36', '7', '100000', '35', '\0');
INSERT INTO `sanpham` VALUES ('88', '12', 'VGA Galax GTX 1050 Ti EXOC 4G DDR5', 'Giá:5.299.000 VND\r\n\r\nMô tả chi tiết Hãng sản xuất Galax Chủng loại VGA Galax GeForce GTX 1050 Ti 4G EXOC GPU GeForce GTX 1050 Chuẩn giao tiếp Bus Support PCI-E 3.0 Bộ nhớ VGA 4096MB / GDDR5 Băng thông 128-bit GPU Engine Specs: Base Clock (MHz) 1354 Boost Clock (MHz) 1468 Cổng giao tiếp HDCP: Yes HDMI: Yes Standard Display Connectors DP 1.4, HDMI 2.0b, Dual Link-DVI Standard Graphics Card Dimensions: Power Connector Maximum Graphics Card Power (W) 75W Minimum System Power Requirement (W) 300W Quạt tản nhiệt 2 Quạt	', null, '18000000', null, '22000000', '8', '2017-05-28 00:16:10', '2017-06-25 00:16:40', '1', '100000', '11', '\0');
INSERT INTO `sanpham` VALUES ('89', '12', 'VGA MSI GTX 970 GAMING 4G', 'Chipset NVIDIA Geforce® GTX 970\r\nChuẩn giao tiếp PCI Express x16 3.0\r\nCore clock 1279 MHz / 1140 MHz (OC Mode); 1253 MHz / 1114 MHz (Gaming Mode); 1178 MHz / 1051 MHz (Silent Mode)\r\nBộ nhớ 4096MB GDDR5\r\nBăng thông 256-bit\r\nMemory clock 7010 MHz\r\nCổng giao tiếp 1 x Dual-link DVI-I, 1 x Dual-link DVI-D, 1 x HDMI (v1.4a), 1 x DisplayPort (v1.2)\r\nOpenGL 4.4\r\nMulti View 4\r\nĐiện áp tiêu thụ 145W\r\nPower requirement 500W (1 x 8-pin, 1 x 6-pin nguồn phụ)\r\nQuạt tản nhiệt Tản nhiệt khí với 2 quạt\r\nKích thước 277 x 140 x 35 mm\r\n\r\nChipset NVIDIA Geforce® GTX 970Chuẩn giao tiếp PCI Express x16 3.0Core clock 1279 MHz / 1140 MHz (OC Mode); 1253 MHz / 1114 MHz (Gaming Mode); 1178 MHz / 1051 MHz (Silent Mode)Bộ nhớ 4096MB GDDR5Băng thông 256-bitMemory clock 7010 MHzCổng giao tiếp 1 x Dual-link DVI-I, 1 x Dual-link DVI-D, 1 x HDMI (v1.4a), 1 x DisplayPort (v1.2)OpenGL 4.4Multi View 4Điện áp tiêu thụ 145WPower requirement 500W (1 x 8-pin, 1 x 6-pin nguồn phụ)Quạt tản nhiệt Tản nhiệt khí với 2 quạtKích thước 277 x 140 x 35 mm\r\nGiá:9.060.000 VND', null, '7000000', null, '10000000', '3', '2017-06-02 00:16:14', '2017-06-24 00:16:44', '10', '100000', '4', '\0');
INSERT INTO `sanpham` VALUES ('90', '14', 'Đầu Karaoke chuyên nghiệp Arirang AR-36MD', 'Đọc các loại đĩa , không kén đĩa\r\nĐầy đủ tính năng hát Midi Karaoke\r\nĐọc được các loại file nén Audio và Video\r\nGiao tiếp USB\r\nTính năng chấm điểm bài hát\r\n\r\n1.490.000 VND\r\nĐầu DVD karaoke Arirang AR-36MDlà một phiên bản cao cấp nhất của hãng Arirang được hội tụ nhiều tính năng ưu việt đang được mọi người chú ý và lựa chọn nhiều trên thị trường. Với tính năng âm thanh 5.1 giúp căn phòng nhà bạn tràn ngập âm thanh trong trẻo và sinh động hơn. Ngoài ra, với cổng giao tiếp USB sẽ giúp từng thành viên trong gia đình bạn giải trí với những sở thích riêng như xem phim, nghe nhạc, xem những clip nổi tiếng trên youtobe hay những phim truyện tình lãng mạng trên các trang web nổi tiếng thông qua việc trao đổi dữ liệu thông tin trong USB với đầu DVD. Đặc biệt hơn, gia đình bạn có thể quây quần bên chiếc đầu DVD karaoke Arirang AR-36MD để cùng nhau ca hát với tính năng karaoke chấm điểm thông minh xuất hiện ngay trên màn hình giúp bạn thêm hứng thú với những buổi thi hát hấp dẫn cùng mọi người để cũng nhau giải trí sau một ngày làm việc bận rộn.\r\n\r\nĐẶC ĐIỂM NỔI BẬT\r\nTận hưởng phòng karaoke ngay tại gia đình bạn\r\nVới chiếc đầu DVD karaoke Arirang AR-36MD giúp căn phòng bạn biến thành một phòng karaoke chuyên nghiệp bởi sự tích hợp của đầu karaoke vi tính 5 số và trọn bộ đĩa karaoke Airang giúp bạn lựa chọn bài hát nhanh chóng và phong phú hơn. Ngoài ra, với chức năng karaoke chấm điểm thông minh kết hợp với tính năng hát bè, giờ đây, gia đình bạn sẽ có một không gian của một phòng karaoke hoàn hảo ngay tại nhà mà không cần tốn kém chi phí đi đến những khu vui chơi giải trí như trước.\r\nThiết kế khoa học và tinh tế\r\nChiếc đầu DVD karaoke Arirang AR-36MD được thiết kế khoa học với những nút ấn nổi, các chân cắm của micro và các cổng giao tiếp USB được sắp xếp hợp thời trang tạo cho chiếc đầu karaoke thêm hấp dẫn và bạn có thể dễ dàng thao tác, chọn bài hay kết nối với các thiết bị khác, góp phần làm không gian nội thất nhà bạn thêm trang nhã, lịch lãm và tinh tế hơn.\r\n\r\nTương thích với nhiều định dạng đĩa khác nhau\r\nChiếc đầu DVD karaoke Arirang AR-36MD hầu như có thể đọc được tất cả các loại đĩa CD, DVD không chỉ vậy với công nghệ giải mã âm thanh và hình ảnh tiên tiến đầu DVD karaoke Arirang AR-36MD còn có thể hỗ trợ đọc được các đĩa, file nén và các phiên bản định dạng khác như DVD-R, CD-RW, MP3, WMA, DivX, MP4 giúp bạn tận hưởng được nhiều thể loại chương trình khác nhau.\r\n\r\nTHÔNG SỐ KỸ THUẬT\r\n- Âm thanh 5.1\r\n- Định dạng DVD, DVD, DVD-R, CD-RW, MP3, WMA, DivX, MP4\r\n- Cổng giao tiếp USB\r\n\r\n', null, '4500000', null, '7000000', '5', '2017-05-30 00:23:43', '2017-06-28 00:23:54', '4', '150000', '5', '\0');
INSERT INTO `sanpham` VALUES ('91', '14', 'Đầu Karaoke Wifi Acnos SK5810KTV-W', 'Phát Wifi cho thiết bị smartphone, tablet điều khiển\r\nPhát ngược video trên smartphone,tablet cho người hát mà không cần tivi\r\nKho nhạc USB mới nhất\r\n2.439.000 VND\r\n\r\nDòng sản phẩm KTV Karaoke WiFi giá tốt, âm thanh chuyên nghiệp, tiện ích cho phòng hát và giải trí gia đình. kết hợp 2 kho nhạc: vừa MIDI vừa KTV Video. Karaoke minh họa hình theo nhạc. Tự phát WiFi cho 8 người dùng đồng thời, âm thanh SAM2695 tuyệt hảo. Cổng USB 2.0 tốc độ cao\r\nĐầu Karaoke KTV Độ Nét Cao 1080P Acnos SK5810KTV-W\r\n\r\nĐẦU MÁY TỰ PHÁT WIFI\r\n\r\nTự phát Wifi, kết nối không dây\r\n8 người điều khiển đồng thời\r\nWifi mở rộng, kết nối Wifi đầu máy với mạng Wifi có sẵn\r\nCÁC TÍNH NĂNG CÔNG NGHỆ NỔI BẬT\r\n\r\nNhạc KTV và MIDI kết hợp, số lượng bài hát nhiều nhất\r\nSAM2695 chuyên dụng, tái tạo âm thanh tuyệt hảo\r\nVideo minh hoạ hình theo nhạc, ngõ ra HDMI cho tivi LCD\r\n\r\nCHỌN BÀI THÔNG MINH\r\n\r\nApp Karaoke connect trên màn hình cảm ứng, máy tính bảng, điện thoại iOS, Android, Windows Phone\r\nRemote đa năng với phim tắt A-B-C', null, '2000000', null, '5000000', '2', '2017-05-28 00:23:47', '2017-06-24 00:23:58', '5', '200000', '7', '\0');
INSERT INTO `sanpham` VALUES ('92', '14', 'Loa kéo tích hợp đầu Karaoke Wifi Acnos Beatbox KB39', ' Tích hợp đầu phát karaoke wifi với USB hàng ngàn bài; wifi\r\nphát video ra smartphone; khiển bài hát qua phần mềm karaoke connect\r\n- Thiết bị 5 trong 1 ( Đầu wifi karaoke; mico không dây;\r\nampli;loa 4 tấc; trạm wifi 8 thiết\r\n- Xuất video qua tivi lớn qua HDMI và Dongle; có bluetooth;\r\nÂm thanh hay ; micro nhẹ\r\n4.799.000 VND\r\n\r\nDòng sản phẩm Beatbox mới (Mobile Karaoke) KB39. Dàn karaoke di động chất lượng cao 5 trong 1: Đầu karaoke WiFi, Loa, Ampli, Micro chỉ trong 1 thiết bị hoàn hảo. Tích hơp hơn 30.000 bài hát, kết hợp 2 kho nhạc: vừa MIDI vừa KTV Video, phát nhạc karaoke qua thẻ nhớ USB và ổ cứng HDD, không cần internet. Máy có nguồn nuôi bằng bình ắc quy hơn 6 giờ cho nhu cầu ca hát ngoài trời, âm thanh mạnh mẽ sôi động nhờ hệ thống loa đẩy chuyên dụng thích hợp điều kiện không gian không giới hạn. Tự phát WiFi cho thiết bị điều khiển qua ứng dụng Karaoke Connect. Phát video karaoke qua Wifi trực tiếp lên màn hình thiết bị di động như smart phone, tablet hoặc Anrdoid TV. Phù hợp các tụ điểm hát cho nhau nghe, du lịch dã ngoại.\r\nKết nối điều khiển đơn giản\r\nApp Karaoke connect trên màn hình cảm ứng, máy tính bảng, điện thoại iOS, Android, Windows Phone\r\nRemote đa năng với phim tắt A-B-C\r\nPhát video lên màn hình\r\nPhát Video ra thiết bị Smart phone, Tablet qua Wifi\r\nSmart phone, Tablet  trở thành màn hình karaoke sinh động, sử dụng mọi nơi, không lo vướng víu\r\nKết nối không dây với Tivi qua Android Dongle', null, '2500000', null, '4500000', '3', '2017-06-03 00:23:50', '2017-06-09 00:24:01', '1', '100000', '15', '');
INSERT INTO `sanpham` VALUES ('93', '15', 'Smart Tivi 3D LED Sony 43inch Full HD - Model KDL-43W800C', 'Smart TV LED 43\'\'\r\nĐộ phân giải HD 1920 x 1080px\r\nCông nghệ 3D chủ động\r\nCông nghệ quét hình MotionflowXR800 Hz\r\nHệ điều hành Android TV\r\nBộ xử lý hình ảnh X-REALITY Pro\r\n\r\nGiá: 11.399.000 VND', null, '21000000', null, '28000000', '5', '2017-05-28 00:16:10', '2017-06-07 00:16:28', '4', '200000', '4', '\0');
INSERT INTO `sanpham` VALUES ('94', '15', 'Smart Tivi LED LG 32inch HD - Model 32LH570D', 'Smart Tivi LED Màn hình 32inch HD\r\nChip xử lý hình ảnh tiên tiến LG TRIPLE XD\r\nÂm thanh vòm ảo sống động\r\nChế độ lọc thoại Clear Voice\r\nKết nối Internet với hệ điều hành Simple Smart\r\nGiá: 4.949.000 VND', null, '17000000', null, '21000000', '2', '2017-06-03 00:23:50', '2017-06-24 00:16:25', '7', '100000', '2', '\0');
INSERT INTO `sanpham` VALUES ('95', '15', 'Smart Tivi LED LG 43 inch - Model 43LH570T', 'Tivi công nghệ LED hiện đại\r\nThiết kế hiện đại và trang nhã cho không gian giải trí\r\nKích thước màn hình 43inch\r\nĐộ phân giải FHD 1920 x 1080 rõ nét\r\nÂm thanh sống động và lôi cuốn\r\nKết nối Internet với kho ứng dụng hấp dẫn\r\nGiá: 7.159.000 VND', null, '15000000', null, '28000000', '3', '2017-05-28 00:16:10', '2017-06-22 23:58:07', '8', '200000', '5', '\0');
INSERT INTO `sanpham` VALUES ('96', '15', 'Smart Tivi LED LG 55inch 4K UHD - Model 55UH617T', 'Tivi 4K UHD 55 inch\r\nThiết kế màn hình siêu mỏng\r\nĐộ phân giải: 4K (3840 x 2160px)\r\nHiển thị nội dung 4K HDR\r\nTích hợp Bộ thu truyền hình Kỹ thuật số DVBT2\r\nCông nghệ hình ảnh 3D Color Mapping; HDR Pro\r\nCông nghệ âm thanh vòm Ultra Sorround\r\nSmart TV với hệ điều hành Web OS 3.0\r\n\r\nGiá: 14.409.000 VND', null, '12000000', null, '19000000', '6', '2017-06-03 00:23:50', '2017-06-07 00:16:28', '8', '100000', '5', '\0');
INSERT INTO `sanpham` VALUES ('97', '15', 'Smart Tivi LED màn hình cong Samsung 49inch 4K - Model UA49KU6500KXXV', 'Smart Tivi LED màn hình cong\r\nHình ảnh chất lượng với công nghệ nâng chuẩn ảnh UHD\r\nCông nghệ HDR cải tiến tăng cường độ tương phản\r\nTrải nghiệm thế giới giải trí bất tận qua hệ điều hành Tizen\r\nĐộ phân giải 4K 3840 × 2160\r\nChia sẻ thông minh qua Smartphone\r\nGiá: 18.799.000 VND', null, '15000000', null, '18000000', '9', '2017-05-28 00:16:10', '2017-06-24 00:16:25', '10', '200000', '2', '\0');
INSERT INTO `sanpham` VALUES ('98', '15', 'Smart Tivi LED Samsung 32inch Full HD – Model 32K5500', 'Kích thước 32 inch\r\nĐộ phân giải Full HD (1920 x 1080px)\r\nKết nối Kết nối Internet Wifi tích hợp, Cổng LAN cắm dây mạng\r\nCổng AV Có cổng Composite và cổng Component\r\nCổng HDMI Có\r\nCổng USB Có\r\nCổng VGA Không\r\nCổng xuất âm thanh Cổng Optical (Digital Audio Out)\r\nTích hợp đầu thu kỹ thuật số DVB-T2C\r\nSmart Tivi/ Internet Tivi Hệ điều hành, giao diện Tizen OS\r\nCông nghệ hình ảnh, âm thanh Công nghệ hình ảnh Auto-Depth Enhancer\r\nCông nghệ âm thanh Dolby Digital\r\n\r\nGiá: 7.490.000 VND', null, '21000000', null, '25000000', '3', '2017-06-03 00:23:50', '2017-06-22 23:58:07', '5', '200000', '1', '\0');
INSERT INTO `sanpham` VALUES ('99', '15', 'Smart Tivi LED Samsung 32inch UA32J4303AK HD', 'Màn hình TV LED 32inch\r\nĐộ phân giải HD 1366 x 768px\r\nCông nghệ quét hình 100Hz\r\nBộ ba bảo vệ Samsung Triple Protector\r\nTích hợp đầu thu kỹ thuật số DVB-T2\r\nGiải trí qua kết nối Internet\r\nÂm thanh vòm sống động như thật\r\nGiá: 6.989.000 VND', null, '52000000', null, '60000000', '8', '2017-05-28 00:16:10', '2017-06-07 00:16:28', '6', '100000', '8', '\0');
INSERT INTO `sanpham` VALUES ('100', '15', 'Smart Tivi LED Sony 55inch 4K UHD - Model KD-55X7000D', 'Màn hình độ phân giải 4K mang đến những hình ảnh có độ nét cao.\r\nThoả sức xem phim, nghe nhạc, chơi game... trên tivi.\r\nKết nối USB, HDMI, Wi-fi LAN \r\nDisplay Size (inches)	55.0 inch \r\nGiá: 21.340.000 VND', null, '27000000', null, '30000000', '6', '2017-06-01 00:15:59', '2017-06-24 00:16:25', '4', '200000', '3', '\0');
INSERT INTO `sanpham` VALUES ('101', '15', 'Smart Tivi LED Toshiba 43Inch Full HD – Model 43L5650VN', 'Smart TV LED 43inch\r\nĐộ phân giải Full HD 1920 x 1080\r\nBộ xử lý hình ảnh CEVO Engine\r\nTần số quét hình ARM 100 Hz\r\nCông nghệ âm thanh Power Bass Booster âm trầm mạnh mẽ\r\nChế độ Football Mode sắc nét trong từng pha bóng\r\nGiá: 7.179.000 VND', null, '19000000', null, '25000000', '8', '2017-06-03 00:23:50', '2017-06-07 00:16:28', '10', '200000', '5', '\0');
INSERT INTO `sanpham` VALUES ('102', '15', 'Smart Tivi LED Toshiba 55Inch Full HD – Model 55L5650VN', 'Smart TV LED 55inch\r\nĐộ phân giải Full HD 1920 x 1080\r\nBộ xử lý hình ảnh CEVO Engine\r\nTần số quét hình ARM 100 Hz\r\nCông nghệ âm thanh Power Bass Booster âm trầm mạnh mẽ\r\nChế độ Football Mode sắc nét trong từng pha bóng\r\nGiá: 13.099.000 VND', null, '12000000', null, '21000000', '5', '2017-05-28 00:16:10', '2017-06-24 00:16:25', '1', '100000', '8', '\0');
INSERT INTO `sanpham` VALUES ('103', '15', 'Smart tivi TCL 48 inch LED - Model L48P1-CF', 'Kết nối HFMI; USB; WIFI\r\nKết nối Internet\r\nTiết kiệm điện\r\nCó cổng Antenna\r\n48.0 inch\r\nGiá: 10.290.000 VND', null, '78000000', null, '190000000', '6', '2017-06-01 00:15:59', '2017-06-07 00:16:28', '8', '200000', '1', '');
INSERT INTO `sanpham` VALUES ('104', '15', 'Smart TV LED Samsung 50inch Full HD - Model UA50J5200AK', 'Smart TV LED 50inch\r\nĐộ phân giải 1920 x 1080px\r\nLọc nhiễu kỹ thuật số\r\n3 Chức năng bảo vệ chống ẩm; chống sốc; chống sét\r\nTần số quét hình 100Hz\r\nTích hợp bộ thu tín hiệu kỹ thuật số DVB-T2\r\nGiá: 10.969.000 VND', null, '28000000', null, '35000000', '8', '2017-05-28 00:16:10', '2017-06-24 00:16:25', '7', '100000', '2', '\0');
INSERT INTO `sanpham` VALUES ('105', '15', 'Smart TV Samsung 43inch 4K UHD', 'Smart Tivi Samsung 43inch 4K UHD\r\nKết nối giải trí thỏa thích qua USB và HDMI\r\nTruy cập Internet siêu tốc với Chip 4 nhân\r\nHình ảnh chất lượng với công nghệ nâng chuẩn ảnh UHD\r\nCông nghệ HDR cải tiến tăng cường độ tương phản\r\nTrải nghiệm thế giới giải trí bất tận\r\nGiá: 10.699.000 VND', null, '34000000', null, '45000000', '2', '2017-06-01 00:15:59', '2017-06-24 00:16:25', '1', '200000', '3', '');
INSERT INTO `sanpham` VALUES ('106', '15', 'Smart TV Sony 49inch 4K UHD - Model KD-49X8000E', 'Smart TV Sony 49inch\r\nTrang bị hệ điều hành Android 6.0 ( Marshmallow)\r\nĐộ phân giải 4K cực kỳ sắc nét\r\nCông nghệ Motionflow™ XR 200 Hz giúp hình ảnh chuyển động mượt mà, sống động\r\nCông nghệ âm thanh ClearAudio+ cho âm thanh rõ nét\r\nTích hợp đầu thu kỹ thuật số DVB-T2\r\nGiá: 19.299.000 VND', null, '31000000', null, '56000000', '5', '2017-06-03 00:23:50', '2017-06-07 00:16:28', '7', '100000', '8', '\0');
INSERT INTO `sanpham` VALUES ('107', '15', 'Tivi LED Toshiba 49inch Full HD - Model 49L3650VN', 'Tivi LED\r\nCông nghệ Dolby Digital Plus tái tạo âm thanh vòm cuốn hút\r\nKích thước màn hình 49inch\r\nĐộ phân gải Full HD rõ nét\r\nCông nghệ CEVO Engine giúp hiển thị mượt mà, sống động\r\nGiải trí qua USB\r\nGiá: 8.349.000 VND', null, '18000000', null, '22000000', '6', '2017-05-28 00:16:10', '2017-06-24 00:16:25', '4', '200000', '2', '');
INSERT INTO `sanpham` VALUES ('108', '15', 'Tivi Smart LED TCL 32 inch HD – Model L32S6000', 'Thiết kế sang trọng, hiện đại\r\nHình ảnh HD trung thực, sắc nét, bảo vệ mắt với công nghệ ánh sáng tự nhiên\r\nMàn hình 32 inches, tần số quét 60Hz cho hình ảnh được hiển thị sắc nét\r\nÂm thanh sống động, trong trẻo\r\nHệ điều hành Android với nhiều ứng dụng hấp dẫn\r\nGiá: 4.369.000 VND', null, '20000000', null, '25000000', '1', '2017-06-03 00:23:50', '2017-06-22 23:58:07', '3', '200000', '0', '');
INSERT INTO `sanpham` VALUES ('109', '15', 'Tivi TCL 65 inch UHD - Model L65P2-UF', 'Smart TV 65inch\r\nCông nghệ dải tương phản rộng HDR\r\nNâng cấp hình ảnh MEMC\r\nKhung viền sang trọng\r\nMàn hình độ phân giải 4K\r\nHệ điều hành Android\r\nKết nối loa Bluetooth dễ dàng\r\nGiá: 22.149.000 VND', null, '40000000', null, '60000000', '3', '2017-05-28 00:16:10', '2017-06-24 00:16:25', '1', '200000', '41', '');
INSERT INTO `sanpham` VALUES ('110', '15', 'TV LED LG 49inch Full HD - Model 49LH511T 2016', 'TV LED 49inch\r\nĐộ phân giải Full HD 1920 x 1080\r\nKết nối HDMI; USB\r\nCông nghệ âm thanh vòm sống động\r\nTích hợp đầu thu kỹ thuật số DVB-T2\r\nThiết kế cao cấp và hiện đại\r\nGiá: 8.349.000 VND', null, '70000000', null, '90000000', '2', '2017-06-03 00:23:50', '2017-06-24 00:16:25', '5', '200000', '8', '');
INSERT INTO `sanpham` VALUES ('111', '15', 'TV LED Sony 40inch Full HD - Model 40R350E', 'Tivi LED Sony 40inch\r\nĐộ phân giải Full HD rõ nét\r\nThiết kế hiện đại, sang trọng\r\nCông nghệ âm thanh Dolby Digital & Clear Phase\r\nTích hợp đầu thu KTS\r\nGiá: 7.569.000 VND', null, '12000000', null, '18000000', '10', '2017-05-28 00:16:10', '2017-06-07 00:16:28', '3', '100000', '2', '\0');
INSERT INTO `sanpham` VALUES ('112', '16', 'Âm ly Jarguar PA 506N - Hàng KOMI', 'Điện áp: AC 220V/ 50Hz-60Hz.\r\nCông suất tiêu thụ: 1360W\r\nCông suất ra loa: 1200 Watts/RMS (4 ohm); 300W x 4 kênh(8 ohm).\r\nTỷ lệ tạp âm: <0.1% (1KHz).\r\nTrở kháng: 8ohm.\r\nTần số: 20Hz - 20KHz.\r\nTín hiệu/ tiếng ồn: 95dB.\r\nNgõ vào míc: 13mV.\r\n\r\n8.000.000 VND\r\n\r\n\r\nCông nghệ của Jarguar Suhyoung vốn nổi tiếng nhờ tiếng echo (hiệu ứng âm thanh giúp giọng hát không bị \"khô\") mềm mại và khả năng lọc âm nhiễu cao và dòng 506N này cũng được thừa hưởng những ưu điểm đó. Nó sẽ luôn mang tới cảm hứng cho người hát nhờ những âm vực trong trẻo được tách bạch rõ ràng khiến bạn cảm nhận được sự sống động của tiếng trống, tiếng kèn trumpet, tiếng piano.v.v.\r\nGiá tiền và công suất của dòng này phù hợp với những quán karaoke, hoặc gia đình có diện tích phòng tương đối lớn (khoảng 25 - 30m2). Được trang bị 8 sò, công suất của 506N lớn gấp đôi amply 203n, đủ để tải 2 đôi loa công suất 150w (ví dụ JBL KS 308) cộng với 1 trầm.', null, '10000000', null, '15000000', '3', '2017-06-01 00:15:59', '2017-06-24 00:16:25', '2', '200000', '8', '');
INSERT INTO `sanpham` VALUES ('113', '16', 'Ampli Boston Audio LV Bluetooth 500', 'Bluetooth kết nối Smartphone; tablet nghe nhạc; karaoke online.\r\nUSB nghe nhạc MP3 dung lượng lớn và FM radio.\r\nCó remot khiển từ xa\r\nCông xuất mạnh mẽ 300W Đến 500W\r\nEcho mềm mại; chuyên nghiệp\r\n\r\n1.539.000 VND \r\nÂm nhạc có vai trò quan trọng trong đời sống tinh thần của mỗi chúng ta. Được nghe những giai điệu tuyệt vời hay tự ngân nga những ca khúc yêu thích giúp bạn giải tỏa căng thẳng, mệt mỏi, mang đến cảm giác yêu đời, tươi vui và trẻ trung hơn. Từ khi ra đời đến nay, dàn ampli Bluetooth 500 đã thỏa mãn yêu cầu của những người đam mê âm nhạc. Nó đáp ứng được tất cả mọi yêu cầu khắt khe nhất của một hệ thống karaoke tối tân.Thông số kỹ thuật: Công suất ngõ ra : 300W ( Max 500W).\r\nĐộ nhạy kết nối bên ngoài : 200mV.\r\nNgõ vào kết nối bên ngoài : 2 ngõ vào cho micro, 1 ngõ vào âm thanh stereo (B),1 ngõ vào âm thanh Bluetooth, USB ,FM radio.Hiệu ứng : 2 chế độ : Reverb, Echo Delay.\r\nCông suất tiêu thụ điện : 480 Watts.', null, '7000000', null, '10000000', '1', '2017-05-28 00:16:10', '2017-06-07 00:16:28', '2', '200000', '1', '');
INSERT INTO `sanpham` VALUES ('114', '16', 'BỘ ÂM LY KHUYẾCH ĐẠI ÂM THANH', 'Chuyên dùng cho karaoke gia đình nghe nhạc\r\nKiểu dáng sang trọng độc đáo bắt mắt\r\nÂm thanh mạnh mẽ trung thực độ nhiễu cực thấp\r\nEcho cao cấp 3D chỉnh chi tiết âm lượng băng thông tiếng hát giúp bù tần số cho tiếng ca như ca sỹ chuyên nghiệp chống hú micro\r\n\r\n543.800 VND\r\n\r\nChuyên dùng cho karaoke gia đình , nghe nhạc\r\nKiểu dáng sang trọng , độc đáo ,bắt mắt\r\nÂm thanh mạnh mẽ , trung thực , độ nhiễu cực thấp\r\nEcho cao cấp 3D chỉnh chi tiết âm lượng , băng thông tiếng hát giúp bù tần số cho tiếng ca như ca sỹ chuyên nghiệp , chống hú micro\r\n-Điện áp: 220VAC\r\n- Công suất âm thanh ngõ ra: 950W/2 kênh/4Ω\r\n- Đáp ứng tần số: 10Hz - 24KHz\r\n- Kết hợp giữa công nghệ Analog và Digital\r\n- Tầng công suất được thiết kế theo kỹ thuật số (digital)\r\n- Hai nút chỉnh chức năng âm sắc MID LO và MID HI tạo nhạc nền sống động, âm sắc chi tiết hơn\r\n- Tiết kiệm điện, ít sinh nhiệt, độ bền cao, giảm trọng lượng máy', null, '8000000', null, '15000000', '5', '2017-06-03 00:23:50', '2017-06-22 23:58:07', '7', '200000', '3', '\0');
INSERT INTO `sanpham` VALUES ('115', '17', 'Dàn âm thanh Sony Shake-X7D', 'Hệ thống âm thanh Hifi với công suất cực lớn 2400W (RMS).\r\nTích hợp đầu đọc DVD\r\nHệ thống loa 4 chiều với công nghệ Sound Pressure Horn\r\nĐiều khiển thiết bị từ điện thoại Android với ứng dụng miễn phí Song Pal & Fiestable\r\nLoa với hệ thống đèn LED nhiều màu đồng bộ với giai điệu nhạc & hiệu ứng DJ\r\nChế độ Party Chain giúp kết nối nhiều dàn âm thanh lại với nhau\r\nCổng USB kép\r\nKết nối không dây “Một-chạm” với NFC + Bluetooth\r\n13.990.000 VND\r\n\r\nHệ thống âm thanh Hifi với công suất cực lớn 2400W (RMS)\r\nThưởng thức âm thanh với công suất cực suất cực lớn, cho cảm giác sống động, chân thực\r\n6 tính năng hát Karaoke cho bạn tha hồ thể hiện giọng hát\r\nNếu là người yêu ca hát thì dàn âm thanh Hi-Fi Sony Shake-X7D chính là lựa chọn lý tưởng dành cho bạn. Với 6 tính năng hát, bạn tha hồ thể hiện giọng hát và niềm đam mê ca hát của mình.\r\nLoa với hệ thống đèn LED nhiều màu đồng bộ với giai điệu nhạc & hiệu ứng DJ\r\nĐiều khiển thiết bị từ điện thoại Android với ứng dụng miễn phí Song Pal & Fiestable\r\nKết nối không dây “Một-chạm” với NFC + Bluetooth\r\nChỉ với một chạm của điện thoại thông minh hoặc máy tính bảng NFC cho phép bạn có thể chơi các bản nhạc mà bạn đã lưu trữ trên thiết bị di động của bạn trênShake-X7Dqua Bluetooth ®\r\nChế độ Party Chain giúp kết nối nhiều dàn âm thanh lại với nhau', null, '9000000', null, '15000000', '10', '2017-06-01 00:15:59', '2017-06-07 00:16:28', '2', '100000', '5', '');
INSERT INTO `sanpham` VALUES ('116', '17', 'Hệ thống loa di động Behringer Bluetooth PPA2000BT', '31.121.000 VND\r\n\r\nUltra-Compact 2000-Watt 8-Channel Portable PA System with Bluetooth Wireless Technology, Wireless Microphone Option, KLARK TEKNIK Multi-FX Processor and FBQ Feedback Detection\r\nUltra-compact 2000-Watt, 8-channel portable PA system\r\nPerfect for parties, schools, corporate and educational presentations, seminars, aerobics, auctioneers, working musicians, tour guides, weddings, etc.\r\nEnormous power, incredible sonic performance, and super-light weight means no more lugging around dead weight\r\nExtremely powerful 10\'\' woofers and 1.35\'\' aluminum-diaphragm compression drivers for incredible sound reproduction\r\nConnect your iPod, iPhone, iPad* or any other MP3 player via Bluetooth*\r\n“Wireless ready\" for high-quality BEHRINGER digital wireless microphone system (not included)\r\nUltra-high quality KLARK TEKNIK FX processor with 100 presets including reverb, chorus, flanger, delay, pitch shifter and various multi-effects\r\nRevolutionary FBQ Feedback Detection system instantly reveals critical frequencies for easy feedback removal\r\n8-channel mixer section comprises 4 mono and 2 stereo channels\r\n4 high-quality mic preamps with switchable +48 V phantom power for condenser microphones\r\nEffective, extremely musical 2-band EQ, switchable Pad and Clip LEDs on all mono channels\r\nStereo 7-band graphic EQ allows precise frequency correction of main outputs\r\nDedicated mono output for subwoofer application\r\nStereo Aux inputs for external devices such as sub mixers, etc.\r\nComes with a BEHRINGER XM1800S microphone, a mic clip and a 20\' cable\r\nIntegrated storage compartment for microphones, cables, and accessories\r\n\"Planet Earth\" switching power supply for maximum flexibility (100 - 240 V~), noise-free audio, superior transient response plus low power consumption for energy savings\r\n1-Year Warranty Program**\r\nConceived and designed by BEHRINGER Germany', null, '5000000', null, '13000000', '3', '2017-05-28 00:16:10', '2017-06-07 00:16:28', '2', '200000', '2', '\0');
INSERT INTO `sanpham` VALUES ('117', '17', 'Loa Bluetooth JBL Authentics L16', 'Công suất danh định: 6x50W\r\nLoa âm trầm: 5.25\"(130mm)\r\nLoa trung tầng:2\"(50mm)\r\nLoa cao tầng: 1\"(25mm)\r\nTần số: 35Hz - 35kHz\r\nĐộ nhạy: 92db\r\nCông suất kết nối: NFC - Phono-2xusb\r\nThương hiệu JBL - Harman Audio (Mỹ)\r\n23.900.000 VND\r\n\r\nNói đến loa không dây, nhiều người sẽ có ấn tượng đây là những sản phẩm tầm trung, giá thành rẻ và sở hữu kích thước gọn nhẹ. Tuy vậy, Authentics L16 do JBL sản xuất lại là một sản phẩm đi ngược hoàn toàn các đặc điểm trên. Với giá bán gần 25 triệu đồng, bộ loa không dây này là một lựa chọn cao cấp với công suất lớn bên cạnh thiết kế cao cấp.\r\nLà dòng loa mới được ra mắt thời gian vừa qua, Authentics xuất hiện tại Việt Nam đầu tiên với mẫu L16. Đây là sản phẩm loa không dây cao cấp đến từ nhà sản xuất JBL. Có giá bán không hề rẻ, thiết kế của L16 cũng rất đẳng cấp với vỏ ngoài làm từ chất liệu gỗ, loa được che phủ bởi lớp lưới bọc mút màu đen có thể tháo rời và thay đổi dễ dàng.\r\nSức mạnh của L16 đến từ 6 loa dành cho ba dải tần với tổng công suất lên tới 300 W. Nhờ vậy, chất lượng âm thanh do L16 thể hiện khá chi tiết với âm lượng cao, âm trầm mạnh mẽ và có chiều sâu nhờ khả năng trình diễn từ dải tần 35 tới 35.000 Hz. Authentics L16 cũng có khả năng xử lý âm thanh ở định dạng 24 bit/96 KHz.\r\nBên cạnh tính năng phát có dây nhờ kết nối AUX tích hợp, Authentics L16 cũng được trang bị nhiều kết nối không dây thời thượng bao gồm DLNA, Bluetooth, NFC cho tới AirPlay. Bên cạnh đó, người dùng còn có thể sử dụng loa như một nguồn sạc nhờ hai cổng USB trên thân loa. JBL cũng cung cấp ứng dụng MusicFlow cho hai nền tảng iOS và Android, giúp người dùng điều khiển loa dễ dàng hơn qua hệ thống mạng Wi-Fi.', null, '9000000', null, '12000000', '4', '2017-06-01 00:15:59', '2017-06-24 00:16:25', '7', '100000', '3', '');
INSERT INTO `sanpham` VALUES ('118', '18', 'Bluetooth headphone Remax 4-702 (Khaki)', 'Đường kính: 40mm\r\nĐáp ứng tần số: 20Hz - 20kHz\r\nTrở kháng: 32Ω\r\nĐộ nhạy (SPL): 110 ± 5dB\r\nCông suất đầu vào: 10mW\r\nCắm:: ¢ 3.5mm V4.1 CSR Bluetooth\r\nGiá: 1.190.000 VND', null, '8000000', null, '10000000', '9', '2017-05-28 00:16:10', '2017-06-07 00:16:28', '8', '200000', '8', '\0');
INSERT INTO `sanpham` VALUES ('119', '18', 'Hi-Res Sony MDR-Z7', 'Loa chuẩn HD rộng 70mm hỗ trợ Hi-Res Audio\r\nDải âm tần đáp ứng siêu rộng 4 – 100.000Hz\r\nMàng loa Polymer tinh thể lỏng được phủ nhôm giúp tăng độ trong trẻo của âm thanh\r\nDây kết nối trái/phải riêng biệt giúp tránh bị nhiễu\r\nDây nối lõi đồng phủ bạc chống oxy hóa\r\nBổ sung dây nối balanced cable trong trường hợp cần kết nối với ampli di động (PHA-3)\r\nDải âm tần: 4 – 100.000Hz. Độ nhạy 102dB/mW\r\nGiá: 15.990.000 VND', null, '5000000', null, '7000000', '6', '2017-06-03 00:23:50', '2017-06-22 23:58:07', '4', '200000', '1', '\0');
INSERT INTO `sanpham` VALUES ('120', '18', 'MDR-100ABN', 'Tai nghe hỗ trợ Hi-Res\r\nMàng loa HD rộng 40mm phủ Titan\r\nCơ chế gập xoay linh hoạt thuận tiện cho di chuyển\r\nTrang bị Công nghệ kết nối không dây Bluetooth với NFC cùng công nghệ chống ồn KTS\r\nRảnh tay đàm thoại với micro trên thân tai nghe\r\nDải âm tần: 5 – 40,000 Hz (khi dùng dây). Độ nhạy: 97 (power off)/ 103 (power on)\r\nGiá: 8.000.000 VND', null, '2000000', null, '6000000', '8', '2017-06-01 00:15:59', '2017-06-22 23:58:07', '10', '100000', '3', '\0');
INSERT INTO `sanpham` VALUES ('121', '18', 'Plantronics Plantronics Backbeat Go 2', 'Đàm thoại & nghe nhạc\r\nChống ẩm; chống hơi nước & chống bám bụi\r\nThời gian chờ lên đến 6 tháng Nghe nhạc 4.5 giờ\r\nĐàm thoại 5 giờ\r\nXuất xứ Trung Quốc\r\nBảo hành 6 tháng 1 đổi 1 (bằng tem)\r\nGiá: 1.650.000 VND', null, '12000000', null, '16000000', '3', '2017-06-01 00:15:59', '2017-06-07 00:16:28', '2', '100000', '8', '\0');
INSERT INTO `sanpham` VALUES ('122', '18', 'Tai nghe Bluetooth Roman R9030 V4.5', 'Thời gian chờ 7 ngày\r\nThời gian đàm thoại 5 giờ\r\nThời gian nghe nhạc 4giờ\r\nÂm thanh chất lượng\r\ngiá: 600.000 VND', null, '21000000', null, '25000000', '8', '2017-06-03 00:23:50', '2017-06-24 00:16:25', '7', '100000', '5', '');
INSERT INTO `sanpham` VALUES ('123', '18', 'Tai nghe Bluetooth Samsung Level U', 'Thiết kế độc đáo, ấn tượng\r\nKết nối Bluetooth nhanh chóng\r\n10 giờ nghe nhạc, 11 giờ đàm thoại\r\nCông nghệ lọc tiếng ồn tiên tiến.\r\nChọn Kích thước\r\n\r\nGiá:898.200 VND', null, '2000000', null, '5000000', '2', '2017-05-28 00:16:10', '2017-06-07 00:16:28', '1', '200000', '3', '\0');
INSERT INTO `sanpham` VALUES ('124', '18', 'Tai nghe Bluetooth Samsung Level U Pro EO-BN920 (Vàng đồng)', 'Loại tai nghe: In-ear Collar\r\nKết nối: Bluetooth 4.0\r\nChống nước: Có \r\nChuẩn âm thanh: Ultra High Quality Audio\r\nChống ồn: Có, 3 mic\r\nCổng kết nối: Micro USB\r\nKích thước driver: 13mm.\r\nTrọng lượng: 45.8 gam\r\nGiá: 1.850.000 VND', null, '3000000', null, '4500000', '3', '2017-06-01 00:15:59', '2017-06-22 23:58:07', '7', '200000', '1', '');
INSERT INTO `sanpham` VALUES ('125', '18', 'Tai nghe Bluetooth Sony SBH80', 'Thiết kế thời trang\r\nChất liệu cao cấp, bền bỉ\r\nTrang bị công nghệ âm thanh aptX™ audio,\r\nKhả năng chống nước cao\r\nGiá: 2.100.000 VND', null, '6000000', null, '8000000', '9', '2017-06-03 00:23:50', '2017-06-24 00:16:25', '4', '100000', '5', '\0');
INSERT INTO `sanpham` VALUES ('126', '18', 'Tai nghe Xiaomi Mi Headphone Comfort Hi-Res', 'Tên sản phẩm: Mi Headphone Comfort Hi-Res\r\nChất liệu: nhựa ABS, da, kim loại\r\nTrọng lượng: 220g\r\nTrợ kháng: 32 Ω\r\nDải tần: 20 40000Hz\r\nCông suất: 50mW\r\nCường độ âm thanh tối đa: 107dB\r\nChiều dài dây: 1,4 m\r\ngiá: 950.000 VND', null, '5000000', null, '10000000', '2', '2017-06-03 00:23:50', '2017-06-07 00:16:28', '7', '200000', '8', '');
INSERT INTO `sanpham` VALUES ('127', '19', 'Máy chiếu Epson EB-S04', 'Cường độ sáng trắng: 3.000 Ansi Lumens\r\nCường độ sáng màu : 3.000 Ansi Lumens\r\nĐộ phân giải thực: SVGA (800 x 600)\r\nĐộ tương phản: 15,000:1\r\nBóng đèn: 200W UHE; tuổi thọ 6.000 giờ\r\nKết nối: Wifi tùy chọn; HDMI\r\nGiá: 11.500.000 VND', null, '22000000', null, '28000000', '6', '2017-05-28 00:16:10', '2017-06-22 23:58:07', '2', '200000', '5', '');
INSERT INTO `sanpham` VALUES ('128', '19', 'Máy Chiếu Epson EB-X24', 'Cường độ chiếu sáng:3500 ANSI lumens\r\nĐộ phân giải:XGA (1024x768)\r\nĐộ tương phản: 10000:1\r\nKích thước chiếu:30300 inch\r\nCổng tín hiệu:HDMI; Lan; SVideo; Audio; 2 VGA in; 1 VGA out; USB\r\nBóng đèn:200W UEH; tuổi thọ 6000 giờ\r\n\r\nGiá: 22.594.000 VND', null, '25000000', null, '30000000', '10', '2017-06-01 00:15:59', '2017-06-24 00:16:25', '7', '200000', '1', '');
INSERT INTO `sanpham` VALUES ('129', '19', 'Máy chiếu Panasonic PT - LB300A', 'Công nghệ LCD\r\n3100 ANSI Lumen\r\nĐộ phân giải 1024 x 768 pixels\r\nNhiều cổng kết nối\r\nXuất xứ Trung Quốc\r\nBảo hành 1 năm\r\nGiá: 15.690.000 VND', null, '15000000', null, '25000000', '6', '2017-06-01 00:15:59', '2017-06-07 00:16:28', '5', '200000', '3', '\0');
INSERT INTO `sanpham` VALUES ('130', '19', 'Máy Chiếu Panasonic PT-LB382A', 'Cường độ chiếu sáng: 3800 ANSI lumens\r\nĐộ phân giải: XGA (1024x768)\r\nĐộ tương phản:  12000:1\r\nKích thước chiếu: 30-300 inch\r\nCổng tín hiệu: HDMI, Dsub 15 pin, Video, Audio, Serial, RJ45, Lan, USB\r\nBóng đèn: 230W UEH, tuổi thọ 10000 giờ\r\nGiá: 19.500.000 VND', null, '17000000', null, '20000000', '1', '2017-06-01 00:15:59', '2017-06-22 23:58:07', '3', '200000', '5', '\0');
INSERT INTO `sanpham` VALUES ('132', '19', 'Máy Chiếu Sony VPL DX-220', 'Cường độ chiếu sáng: 2700 ANSI lumens\r\nĐộ phân giải:XGA (1024x768)\r\nĐộ tương phản: 3000:1\r\nKích thước chiếu:30-300 inch\r\nCổng tín hiệu:HDMI; Stereo; Video; VGA; USB\r\nBóng đèn:215W UEH; tuổi thọ10000 giờ\r\nGiá: 15.000.000 VND', null, '21000000', null, '30000000', '7', '2017-06-01 00:15:59', '2017-06-24 00:16:25', '9', '100000', '9', '\0');
INSERT INTO `sanpham` VALUES ('133', '19', 'Máy chiếu Sony VPL-EX230', 'Trình chiếu qua máy tính bảng và điện thoại\r\nTuổi thọ bóng đèn lên tới 10.000 (H)\r\nCổng LAN điều khiển để trình chiếu qua mạng\r\nGiá: 11.880.000 VND', null, '30000000', null, '35000000', '8', '2017-05-28 00:16:10', '2017-06-22 23:58:07', '2', '200000', '1', '');
INSERT INTO `sanpham` VALUES ('134', '20', 'HP LaserJet Ent 600 M606dn Printer', '52.000.000 VND\r\n\r\nKết nối	USB 2.0\r\nThông số nổi bật	Độ phân giải: 1200 x 1200 dpi, tốc độ vi xử lý: 800MHz, khay tay: 100 tờ, hỗ trợ hệ điều hành: Windows 2000/XP/2003 Server, Vista, Mac OS\r\nTính năng	In laser đơn sắc, in mạng\r\nĐộ phân giải	1200 x 1200 dpi\r\nKhay giấy	500 tờ\r\nTốc độ in	65 trang/phút\r\nLoại mực in	Máy in laser\r\nModel	LaserJet Ent 600 M606dn Printer\r\nKích thước	16.7 x 21.1 x 15.7 in\r\nKhổ giấy	A4\r\nNguồn gốc	Chính hãng\r\nThời hạn bảo hành	12 (tháng)\r\nBộ nhớ	512 (MB)', null, '12000000', null, '15000000', '3', '2017-06-01 00:15:59', '2017-06-24 00:16:25', '7', '100000', '3', '\0');
INSERT INTO `sanpham` VALUES ('135', '20', 'Máy in đa chức năng HP LaserJet Pro M435nw', 'HP LaserJet Pro M435nw\r\n\r\nLoại máy in: In, Scan, Copy, Network, Wifi, Laser trắng đen khổ A3\r\n\r\nKhổ giấy in: Tối đa khổ A3\r\n\r\nTốc độ in: A4 30 trang / phút, A3 15 trang/phút\r\n\r\nTốc độ xử lý: 750 MHz\r\n\r\nBộ nhớ ram: 256MB\r\n\r\nĐộ phân giải: 1200 x 1200 dpi\r\n\r\nChuẩn kết nối: USB 2.0, Network, Wifi\r\n\r\nChức năng đặc biệt: In mạn có dây, và không dây\r\n\r\nHiệu suất làm việc: 65.000 trang / tháng\r\n\r\nMực in sử dụng: HP 93A - 12,000 trang\r\n\r\n\r\nLoại máy in: In; Scan; Copy; Network; Wifi; Laser trắng đen khổ A3\r\nKhổ giấy in: Tối đa khổ A3\r\nTốc độ in: A4 30 trang / phút; A3 15 trang/phút\r\nTốc độ xử lý: 750 MHz\r\nBộ nhớ ram: 256MB\r\nĐộ phân giải: 1200 x 1200 dpi\r\n\r\n22.990.000 VND', null, '20000000', null, '23000000', '8', '2017-06-01 00:15:59', '2017-06-07 00:16:28', '10', '100000', '6', '');
INSERT INTO `sanpham` VALUES ('136', '20', 'Máy In HP Phun Màu Đa Chức Năng 586Z-G1W41A', 'Loại máy:Máy in phun màu đa chức năng\r\nTốc độ: 50trang/ phút\r\nCông suất in tối đa: 80000 trang/tháng\r\nĐộ phân giải:1200 x 1200 dpi, 2400 x 1200 dpi\r\nBộ nhớ tiêu chuẩn: 2048 MB\r\nMàn hình hiển thị: 8.0” CGD\r\nKhay giấy: nạp 650 tờ, khay giấy in 300 tờ\r\nChức năng:Đa năng phun màu, Print, Copy, Fax, Scan\r\nChuẩn kết nối: USB 2.0, network\r\nHệ điều hành: Win, Mac. Linus\r\nCông nghệ mực in: Jet Intelligence, HP 981A, HP 981X, HP 981Y\r\nKhổ giấy : A4, A5, A6, B5, B6\r\n\r\n84.000.000 VND\r\n\r\nLoại máy:Máy in phun màu đa chức năng\r\nTốc độ: 50trang/ phút\r\nCông suất in tối đa: 80000 trang/tháng\r\nĐộ phân giải:1200 x 1200 dpi, 2400 x 1200 dpi\r\nBộ nhớ tiêu chuẩn: 2048 MB\r\nMàn hình hiển thị: 8.0” CGD\r\nKhay giấy: nạp 650 tờ, khay giấy in 300 tờ\r\nChức năng:Đa năng phun màu, Print, Copy, Fax, Scan\r\nChuẩn kết nối: USB 2.0, network\r\nHệ điều hành: Win, Mac. Linus\r\nCông nghệ mực in: Jet Intelligence, HP 981A, HP 981X, HP 981Y\r\nKhổ giấy : A4, A5, A6, B5, B6', null, '55000000', null, '60000000', '3', '2017-06-01 00:15:59', '2017-06-24 00:16:25', '4', '100000', '3', '\0');
INSERT INTO `sanpham` VALUES ('137', '20', 'Máy in laser Canon LBP2900', '2.484.000 VND\r\n\r\nMáy in laser trắng đen\r\nKhay nạp giấy 150 trang\r\nĐộ phân giải 2400 x 600 dpi\r\nKết nối USB 2.0\r\nThiết kế nhỏ gọn và thời trang\r\n\r\nMáy in Canon LBP 2900 là dòng máy in lazer tốc độ cao cho phép in liên tục 12 trang A4/phút phù hợp với người dùng gia đình hoặc văn phòng nhỏ. Máy in Canon LBP 2900 cho tốc độ in trang đầu chỉ 9.3 giây, công nghệ CAPT 2.1 tiên tiến cho phép máy xử lý dữ liệu hình ảnh nhanh hơn máy in thông thường đồng thời cho chất lượng bản in tối ưu hóa với độ phân giải 2400 x 600 dpi, nhờ đó bạn luôn có được những bản in sắc nét nhất.\r\n\r\n \r\n\r\nTốc độ in cực nhanh\r\nVới Canon LBP 2900, bạn sẽ không phải tốn quá nhiều thời gian cho việc in ấn. Bạn sẽ có ngay bản in đầu tiên chỉ sau 9.3 giây mà vẫn đảm bảo chất lượng ổn định. Đối với việc in văn bản, tài liệu, máy có thể đạt tốc độ in 12 trang A4 trong một phút.\r\n\r\nCông nghệ CAPT 2.1 tiên tiến\r\nVận dụng sức mạnh từ công nghệ in tiên tiến CAPT và kiến trúc nén thông minh Hi-ScoA, thiết bị này có thể xử lý các dữ liệu hình ảnh nhanh hơn các máy in thông thường bằng cách nén dữ liệu in vào một kích thước nhỏ hơn để có thể nhanh chóng truyền dữ liệu đó từ máy tính sang máy in có CAPT. Tính năng này giúp tăng tốc độ in mà không phải nâng cấp bộ nhớ máy in.\r\n\r\n \r\nTối ưu hóa chất lượng in\r\nVới độ phân giải tối đa lên đến 2400 x 600 dpi, Canon LBP 2900 sẽ mang đến cho bạn những bản in đen trắng rõ ràng và sắc nét. Bạn có thể in giấy tờ, văn bản một cách nhanh chóng và dễ dàng nhất.\r\n\r\nThiết kế đơn giản, nhỏ gọn\r\nMáy có kích thước 370 x 251 x 217 mm và khối lượng 5.7 kg, rất phù hợp để sử dụng trong gia đình hoặc văn phòng có diện tích nhỏ và vừa. Bên cạnh đó, thiết kế đơn giản của thiết bị cũng sẽ giúp cho không gian làm việc của bạn trở nên tinh tế hơn.', null, '54000000', null, '86000000', '7', '2017-05-28 00:16:10', '2017-06-24 00:16:25', '1', '100000', '3', '');
INSERT INTO `sanpham` VALUES ('138', '21', 'Canon PIXMA MX922 Wireless Color Photo Printer with Scanner, Copier and Fax', 'Giá bán:\r\n2.808.529 VNĐ\r\n\r\nThe Canon PIXMA MX922 Energy Star Wireless Inkjet Office All-in-One Printer prints in black and white at 15 ipm, in color at 10 ipm, and can output a borderless 4.0 x 6.0-inch photo in 21 seconds. Print borderless photos right at home using the 9600 x 2400 color dpi. Use the automatic double-sided print feature to print on both sides of the page and cut your paper consumption by as much as 50%. The built-in disc tray lets you design and print your own custom CDs, DVDs, and Blu-rays. Its Full HD Movie Print feature takes a frame from an HD movie recorded on a compatible EOS, PowerShot, or VIXIA camera or camcorder and prints it as a photo, ensuring you never miss a photo opportunity while shooting video. The MX922 features a scan resolution of up to 2400 x 4800 dpi optical. Plus use the built-in copy function to duplicate photos as well as documents. \r\n', null, '29000000', null, '45000000', '3', '2017-05-28 00:16:10', '2017-06-24 00:16:25', '4', '100000', '3', '\0');
INSERT INTO `sanpham` VALUES ('139', '21', 'HP OfficeJet Pro 8725 All in One Digital Wireless Printer Scanner and Fax', '4.924.406 VNĐ\r\n\r\nRemarkable value for professional in-office color\r\nPrint up to 3x as many pages with original HP high-yield ink cartridges\r\nSpeed through print jobs, using superfast two-sided printing\r\nPrint with just a touch of your NFC-enabled mobile device to the printer\r\nScan digital files directly to email, network folders and the cloud with preloaded business apps\r\nEasily print documents, photos and more from a variety of smartphones and tablets\r\nTap and swipe the 4.3\" CGD touchscreen to manage print jobs directly at the printer\r\nPaper handling: 250-sheet input tray; 150-sheet output tray\r\nCopy resolution: up to 600 dpi black (text and graphics); up to 600 dpi color (text and graphics)\r\nStandard connectivity: 1 USB 2.0; 1 host USB; 1 Ethernet; 1 Wireless 802.11b/g/n; 2 RJ-11 modem ports\r\nIncludes J7A28A HP OfficeJet Pro 8725 all-in-one printer, black, cyan, magenta and yellow HP 952 OfficeJet ink cartridges, power cord, phone cord, setup poster, USB cable\r\nWarranty: 1 year limited', null, '55000000', null, '60000000', '6', '2017-06-01 00:15:59', '2017-06-07 00:16:28', '7', '100000', '3', '');
INSERT INTO `sanpham` VALUES ('140', '22', 'Lò nướng BlueStone EOB-7591', 'Đặc điểm sản phẩm:\r\n\r\n \r\n- Nổi bật với chức năng nướng xiên quay và quạt đối lưu giúp thức ăn chín đều và thơm ngon.\r\n\r\n \r\n- Nướng được nhiều loại thực phẩm: thịt bò, gia cầm, cá, bánh, pizza, khoai tây cắt lát, bánh bông lan…\r\n\r\n \r\n- Quá trình nướng hoàn toàn tự động, tiết kiệm thời gian.\r\n\r\n \r\n- Thức ăn được chế biến hợp vệ sinh và an toàn sức khỏe người dùng.\r\nGiá: 2.844.000 VND', null, '29000000', null, '9000000', '2', '2017-05-28 10:57:04', '2017-06-16 10:59:19', '6', '100000', '20', '\0');
INSERT INTO `sanpham` VALUES ('141', '22', 'Lò nướng thùng màn hình LED cao cấp Osaka TO55LW 55L 1900W', 'Lò nướng thùng màn hình LED cao cấp Osaka TO55LW 55L 1900W (Trắng)\r\nThiết kế tinh tế, hiện đại\r\nLò nướng thùng màn hình LED cao cấp Osaka TO55LW sở hữu kiểu dáng hiện đại, màu sắc tinh tế tạo một điểm nhấn cho không gian nội thất nhà bạn. Phần tay cầm mở cửa lò rất chắc chắn, cách nhiệt tốt  cho phép người dùng đóng mở cửa lò một cách nhẹ nhàng mà không lo bị bỏng. \r\nVỏ ngoài của máy làm từ thép không gỉ cao cấp tạo sự bền bỉ trong quá trình sử dụng. Đồng thời chất liệu thép không gỉ chống bám bụi bẩn rất tốt cho phép người dùng có thể dễ dàng lau chùi, vệ sinh sau mỗi lần sử dụng. Màn hình LED hiển thị chức năng của lò giúp người dùng dễ dàng sử dụng cũng như điều chỉnh.\r\n\r\nGiá:1.857.200 VND', null, '55000000', null, '9000000', '3', '2017-05-29 10:57:09', '2017-06-16 10:59:19', '1', '100000', '37', '');
INSERT INTO `sanpham` VALUES ('142', '22', 'Lò vi sóng điện tử có nướng Sharp R-C951DVN', 'TIẾT KIỆM THỜI GIAN NƯỚNG LẾN ĐẾN 50%\r\n\r\nCác chức năng nướng kết hợp sẽ sử dụng chức năng vi sóng làm chín thực phẩm bên trong và chức năng nướng làm giòn lớp bên ngoài giúp người tiêu dùng tiết kiệm đến 50% thời gian thực hiện. Từ đó, những bữa ăn thường ngày của gia đình bạn sẽ được chuẩn bị nhanh hơn và đa dạng hơn.\r\n\r\nLÀM NÓNG LÒ NHANH HƠN 50% (*)\r\n\r\nKhi sử dụng chức nằng làm nóng là, R-C951DVN(ST) chỉ cần 4 phút để đạt mức nhiết độ 200oC, nhanh hơn hẳn các lò thông thường đến 50%, giúp làm nóng đều khắp bên trong khoang lò trước khi bắt đầu các chức năng nấu nướng khác. Nhờ đó, thức ăn được nướng nhanh và đều hơn hẳn.\r\n\r\nPHÂN TÁN NHIỆT HIỆU QUẢ NHỜ CÔNG NGHỆ KHÍ NÓNG 3D\r\n\r\nĐây là công nghệ độc đáo sử dụng hệ thống quạt và bộ phận tạo nhiệt từ phía sau, giúp phân tán hơi nóng đều khắp bên trong lò, làm thực phẩm chín đều hơn, thơm ngon và hấp dẫn hơn.\r\n\r\n10 THỰC ĐƠN TỰ ĐỘNG\r\n\r\nNhiều chế độ nấu tự động cho phép bạn lựa chọn các thực đơn nấu nướng và hâm nóng hằng ngày như cơm, mì ống, rau củ quả, Pizza, thịt nướng,súp... Từ đó giúp bạn tối ưu hóa thời gian và công suất nấu nướng.\r\n\r\nGiá: 7.900.000 VND', null, '29000000', null, '11000000', '4', '2017-05-30 10:57:13', '2017-06-24 00:16:25', '1', '100000', '37', '\0');
INSERT INTO `sanpham` VALUES ('143', '22', 'Lò vi sóng điện tử Samsung ME731KXSV 20L', 'Lò vi sóng là dòng sản phẩm cao cấp với khoang lò tráng men giúp giữ tính thẩm mỹ cao đồng thời tránh trầy xước và dễ dàng vệ sinh. Lò vi sóng đợc trang bị hệ thống phân hối hơi nóng tiên tiến giúp đồ ăn chín đều nhờ đó bạn dễ dàng có được những món ăn thơm ngon. Với chức năng rã đông cực nhanh, bạn sẽ thật tiết kiệm thời gian khi chế biến thực phẩm và tiết kiệm thời gian cho những công việc khác.\r\n\r\n\r\nKhoang Lò Tráng Men Giúp Giữ Sạch và Không Trầy Xước\r\nMen gốm Ceramic giúp lau chùi dễ dàng các vết dầu mỡ, bảo vệ tốt nhất cho bề mặt lò của bạn. Vì thế, cho dù gia đình bạn sử dụng lò thường xuyên, khoang lò vẫn trông như mới.\r\nThức Ăn Chín Đều\r\nLò vi sóng thông minh Samsung được trang bị 3 hệ thống phân phối hơi nóng giúp phân bổ vi sóng đều khắp, cho đồ ăn chín đều hơn, mang lại sự hài lòng tối đa cho bạn và gia đình.\r\n\r\nGiá:1.529.000 VND', null, '29000000', null, '9000000', '3', '2017-05-28 10:57:04', '2017-06-24 00:16:25', '10', '100000', '20', '\0');
INSERT INTO `sanpham` VALUES ('144', '22', 'Lò vi sóng Panasonic PALM-NN-ST342MYUE 25L', 'Lò vi sóng được xem như là giải pháp hiệu quả cho mọi căn bếp hiện đại bởi nhiều tính năng rất thiết thực. Lò vi sóng Panasonic NN-ST342MYUE được thiết kế tinh tế về kiểu dáng cùng với những tính năng ưu việt chắc chắn sẽ mang đến cho gia đình bạn những món ăn ngon, làm phong phú thêm cho thực đơn bữa ăn gia đình bạn. Bên cạnh đó, Panasonic NN-ST342MYUE còn được ứng dụng công nghệ Inverter, mang lại khả năng tiết kiệm điện vượt trội mà vẫn đảm bảo hiệu quả sử dụng một cách tối ưu. Lò vi song Panasonic NN-ST342MYUE tự tin là trợ thủ đắc lực biến công việc bếp núc của bạn trở nên giản đơn hơn bao giờ hết.\r\n\r\nimage\r\n\r\nĐẶC ĐIỂM NỔI BẬT\r\nThiết kế hiện đại, nổi bật\r\nLò vi sóng Panasonic NN-ST342MYUE có thiết kế gọn gàng, đẹp mắt, bên ngoài được phủ lớp sơn tĩnh điện màu bạc sang trọng, mặt kính đen trong suốt phía trước giúp quan sát quá trình nấu, cửa mở dạng nút nhấn dễ thao tác. Sản phẩm không chỉ hữu ích cho bữa cơm gia đình mà có thể để bất kì nơi đâu trong căn phòng nhà bạn.\r\nDung tích lò lớn, bảng điều khiển tiện lợi\r\nVới những gia đình từ 5-6 người, để có một bữa ăn ngon mà không tốn nhiều thời gian nấu nướng thì lò vi sóng Panasonic NN-ST342MYUE sẽ là lựa chọn lý tưởng nhất. Bên cạnh đó, thiết bị còn được trang bị bảng điều khiển rõ ràng, tiện lợi với màn hình hiển thị LCD, các phím bấm điện tử có thông tin hướng dẫn và núm xoay điều chỉnh thời gian.\r\nGiá:2.539.000 VND', null, '29000000', null, '11000000', '8', '2017-05-30 10:57:13', '2017-06-24 00:16:25', '7', '100000', '37', '');
INSERT INTO `sanpham` VALUES ('145', '22', 'Lò vi sóng Sharp RG751FVN-W 27L', 'Giá : 3.589.000 VND\r\n\r\nKhông chỉ là chiếc lò vi sóng thông thường, Sharp RG751VNW còn được tích hợp chức năng nướng, cho phép bạn dễ dàng chế biến những món ăn ưa thích thơm ngon một cách tiện lợi. Lò vi sóng Sharp RG751VNW có dung tích cực kỳ lớn, không gian bên trong thoáng rộng, điều khiển điện tử thông minh và hiện đại, bênh cạnh nhiều chương trình nấu nướng đa dạng giúp bạn nhanh chóng thực hiện những món ăn hấp dẫn chỉ trong vài phút.\r\n\r\n\r\nDung tích 25 lít\r\nVới dung tích khá lớn 25 lít, bạn có thể nướng cá hoặc gia cầm cỡ nhỏ. Khoang lò rộng bên cạnh công suất nướng lên đến 1000W, lò vi sóng Sharp RG751VNW sẽ giúp bạn có được món ăn chín đều thơm ngon thật nhanh chóng.\r\n\r\n\r\nChức năng nướng tiện lợi\r\nVới những người yêu thích món nướng, thì lò vi sóng Sharp RG751VNW sẽ là sự lựa chọn lý tưởng cho gu ẩm thực của bạn. Bạn có thể dễ dàng thực hiện các món nướng như thịt, cá, hải sản với độ chín đều, cực kỳ thơm ngon và ấn tượng. Lò sẽ mang đến thực đơn đa dạng của bạn nhất là trong dịp cuối tuần.\r\n\r\n\r\nĐa dạng chương trình nấu\r\nLò vi sóng điện tử Sharp RG751VNW có nhiều chương trình nấu cực kỳ đa dạng và phong phú. Bạn có thể nhanh chóng thực hiện các món ăn ưa thích chỉ với một nút bấm chọn chế độ nấu, ngay cả những món bắp rang, khoai tây chiên, nướng pizza cũng có mặt để làm phong phú phong cách ẩm thực của bạn.\r\n\r\n\r\nThiết kế tiện dụng dễ dùng\r\nLò vi sóng điện tử Sharp RG751VNW được thiết kế hướng đến tính tiện dụng cao. Màn hình LED giúp bạn dễ dàng quan sát và điều khiển lò theo ý muốn. Bảng điều khiển tiếng Việt giúp bạn dễ dàng làm quen ngay cả với lần đầu sử dụng. Nút bấm mở cũng được thiết kế đơn giản để bạn dễ dàng thao tác.\r\n\r\n', null, '29000000', null, '11000000', '6', '2017-05-28 10:57:04', '2017-06-16 10:59:19', '5', '100000', '20', '\0');
INSERT INTO `sanpham` VALUES ('146', '23', 'Bàn ủi hơi nước Ceramic cao cấp Daewoo DWS-8030', '- Mặt đế Ceramic chống trầy chống dính, lướt êm.\r\n\r\n- Thiết kế hiện đại, đơn giản\r\n\r\n- Đầu dây điện xoay 360 độ\r\n\r\n- Chức năng tự làm sạch ngăn chứa nước\r\n\r\n- Điều chỉnh nhiệt độ phù hợp theo chất liệu vải\r\n\r\n- Chế độ tự động ngắt an toàn\r\n\r\n- Đèn báo hiển thị hoạt động\r\n\r\n- Chức năng đặc biệt: Điều chỉnh hơi nước, phun, tăng cường hơi nước, chống nhăn\r\nGiá: 429.000 đ\r\n', null, '29000000', null, '11000000', '10', '2017-05-30 10:57:13', '2017-06-16 10:59:19', '2', '100000', '37', '\0');
INSERT INTO `sanpham` VALUES ('147', '23', 'Bàn ủi hơi nước đứng Kangaroo KG755', 'SKU	KA590HAAA1Q7U7VNAMZ-2886664\r\nMẫu mã	Kangaroo-KG755\r\nKích thước sản phẩm (D x R x C cm)	47.6 x 20 x 20\r\nTrọng lượng (KG)	3.5\r\n\r\nBàn ủi hơi nước đứng Kangaroo KG75N ngày càng được người tiêu dùng tin tưởng và đánh giá cao không những vì bề ngoài đẹp đẽ, tinh tế mà còn những tính năng ưu việt hơn so với những bàn ủi thông thường khác. Với ngoại hình độc đáo, thiết kế thông minh, Kangaroo KG75N cho phép người sử dụng móc đồ lên giá treo và ủi trực tiếp thay vì tốn công sức trải đồ trên các mặt phẳng thông thường. Bên cạnh đó, Kangaroo KG75N có công suất lên đến 1580W giúp người sử dụng có thể ủi đồ một cách nhanh chóng mà vẫn đảm bảo hiệu quả. Bạn mong muốn có những bộ trang phục ngay thẳng và sạch sẽ không bám bụi bẩn hay các sợi lông, tơ thì bàn ủi hơi nước đứngKangaroo KG75N là một dụng cụ đắc lực không thể thiếu trong gia đình bạn.\r\n\r\nĐẶC ĐIỂM NỔI BẬT\r\nThiết kế độc đáo, đa dụng\r\nVới tạo hình đứng có giá treo mới lạ, giờ đây người sử dụng không cần bỏ ra quá nhiều công sức trải đồ, chỉnh sửa trên các mặt phẳng thông thường mà chỉ cần treo đồ lên giá và là ủi trực tiếp. Bên cạnh đó, bạn cũng có thể sử dụng Kangaroo KG75N để hút bụi, xóa mờ các vết bẩn bám trên rèm cửa hay trên khăn trải mặt bàn một cách dễ dàng mà không cần tốn thời gian giặt rửa hay tháo gỡ như trước nữa.\r\nCông suất lớn và tiện lợi\r\nVới công suất lên đến 1580W tạo ra áp suất hơi nước mạnh, sản phẩm giúp người sử tiết kiệm thời gian khi là quần áo, chỉ với một lần ủi là trang phục của bạn đã trở nên thẳng tắp và sạch sẽ. Thêm vào đó, được ứng dụng công nghệ hơi nước nên Kangaroo KG75N có thể sử dụng đối với nhiều chất liệu vải khác nhau mà trước kia bạn gặp không ít khó khăn mỗi khi ủi như đồ len, dạ, trang phục có đính cườm một cách dễ dàng mà không cần lo lắng vải bị nhăn nhúm, màu sắc thay đổi hay cháy sém.', null, '29000000', null, '11000000', '7', '2017-05-28 10:57:04', '2017-06-16 10:59:19', '2', '100000', '20', '\0');
INSERT INTO `sanpham` VALUES ('148', '23', 'Bàn ủi hơi nước Sinbo SSI-2868', 'Bàn ủi hơi nước Sinbo SS-2868 được thiết kế tiện dụng, kiểu dáng thon gọn, tay cầm chắc chắn, giúp công việc ủi quần áo trở nên dễ dàng hơn bao giờ hết. Bề mặt làm bằng inox bóng giúp cho bàn là có thể lướt đi nhẹ nhàng trên bề mặt vải, tăng nhiệt độ một cách nhanh chóng giúp bạn hoàn tất việc là quần áo với thời gian nhanh nhất. Chế độ phun hơi nước tiện lợi, hiệu quả, giúp làm phẳng nhanh chóng những nếp nhăn cứng đầu trên quần áo. Bên cạnh đó, Sinbo SSI-2868 còn tích hợp thêm chức năng chống vôi hóa, tự động ngắt điện cho bàn ủi bền hơn và tiết kiệm thời gian vệ sinh cho người sử dụng.\r\nĐẶC ĐIỂM NỔI BẬT\r\n\r\n- Hiệu quả, nhanh chóng\r\n\r\nBàn ủi hơi nước Sinbo SSI-2868 có khả năng là nhanh đến 5 lần so với chiếc bàn ủi thông thường nhờ vào luồng hơi nước mạnh giúp nhanh chóng xóa các nếp nhăn trên vải. Sinbo SSI-2868 là giải pháp tối ưu cho việc ủi quần áo, đem lại hiệu quả cao, nhanh chóng ủi phẳng những nếp nhăn khó nhất, giúp cho quần áo luôn phẳng phiu như mới.\r\n\r\n- Bàn ủi hơi nước với chức năng phun sương\r\n\r\nBàn ủi hơi nước Sinbo SS-2868, đựng được nhiều nước hơn và là lâu hơn. Mặt bàn là có những lỗ nhỏ, có chức năng phun tia (phun sương) giúp xử lý những vết nhăn cứng đầu và dùng khi là quần áo có độ ẩm cao. Nếu muốn tia phun mịn hơn, hãy nhấn nút với nhịp nhanh. Để tia phun mạnh, hãy nhấn nút chậm lại.\r\n\r\nGiá: 599.000 VND', null, '55000000', null, '11000000', '10', '2017-05-30 10:57:13', '2017-06-24 00:16:25', '2', '100000', '37', '\0');
INSERT INTO `sanpham` VALUES ('149', '24', 'Máy làm mát không khí Kangaroo KG50F06', 'Máy làm mát không khí hay còn gọi là quạt điều hòa, hoạt động theo nguyên lý tự nhiên, dựa vào hiện tượng bốc hơi nước, quạt sẽ làm mát bay hơi bằng cách bổ sung độ ẩm cho không khí bên ngoài và sau đó bơm không khí ở độ ẩm cao này ra ngoài (vào không gian mà bạn cần), lợi dụng sự bay hơi để làm mát không khí và bề mặt tiếp xúc. Giống như bạn đang đứng trên một cây cầu, hay đứng trước con sông, bờ hồ, những cơn gió thổi ngang qua, mang hơi ẩm từ dòng sông (do nước bốc hơi) cho bạn những làn gió mát mẻ và hít thở bầu không khí trong lành, cảm giác như hòa mình vào thiên nhiên.\r\n\r\nKhối lượng: 6,5 Kg\r\nKích thước: 275 x 260 x 675 (mm)\r\nCông suất: 85W\r\nBảo hành: 12 tháng\r\nGiá:1.896.000 VND', null, '29000000', null, '9000000', '5', '2017-05-28 10:57:04', '2017-06-16 10:59:19', '7', '100000', '20', '\0');
INSERT INTO `sanpham` VALUES ('150', '24', 'Quạt Đứng Mitsubishi LV16-RT CY-GY', 'Quạt đứng Mitsubishi LV16-RT là sản phẩm chất lượng cao đến từ thương hiệu nổi tiếng hàng đầu trong lĩnh vực sản xuất đồ điện tử gia dụng. Quạt đứng Mitsubishi LV16-RT có thiết kế sang trọng, hiện đại, cùng hệ thống moto nhỏ gọn, hoạt động êm ái, bền bỉ và hiệu suất mạnh mẽ không kém. Sản phẩm đặc biệt thiết kết với điều khiển từ xa, mang đến sự tiện nghi cao, là sản phẩm không thể thiếu cho căn nhà thông minh của bạn.\r\n\r\nKiểu dáng hiện đại, sang trọng\r\nQuạt đứng Mitsubishi LV16-RT được thiết kế với kiểu dáng đơn giản nhưng không kém phần sang trọng cùng màu xám nhạt tạo nên điểm nhấn nổi bật cho không gian sử dụng. Thân quạt mới với những đường cong thẩm mỹ, cánh quạt trong suốt như pha lê tạo nên giá trị cho sản phẩm. Máy quạt có thể sử dụng cho nhiều không gian khác nhau như: phòng ngủ, phòng khách, văn phòng, quán xá…\r\n\r\nSKU	MI748HAAA2BEXHVNAMZ-3971091\r\nMàu	Xám đậm\r\nMẫu mã	LV16-RT CY-GY\r\nKích thước sản phẩm (D x R x C cm)	40 x 43.6 x 121\r\nTrọng lượng (KG)	8\r\n\r\nGiá: 1.579.000 VND', null, '55000000', null, '11000000', '10', '2017-05-30 10:57:13', '2017-06-24 00:16:25', '8', '100000', '37', '');
INSERT INTO `sanpham` VALUES ('151', '24', 'Quạt phun sương tạo ẩm kháng khuẩn Kangaroo KG554', '• Bình chứa nước kháng khuẩn với dung tích 1,5 lít\r\n\r\n• Màn hình Led hiển thị chức năng\r\n\r\n• 3 tốc độ gió: gió thường, gió tự nhiên và gió ngủ\r\n\r\n• Chức năng tạo ion âm \r\n\r\n• Chức năng phun sương với công suất 250ml/h\r\n\r\n• Chế độ hẹn giờ (9-15 tiếng)\r\n\r\n• Hồng ngoại điều khiển từ xa\r\n\r\n• Chức năng bảo vệ động cơ khi quá nhiệt\r\n\r\n• Bánh xe giúp di chuyển dễ dàng\r\n\r\n\r\n Dung tích bình nước 1.5L, công suất phun sương 250ml/h\r\n\r\n•   Kích thước: 675x305x460 mm\r\n\r\n•   Trọng lượng: 9Kg\r\n\r\n•   Điện áp 220V/50Hz\r\n\r\n•   Công suất: 115W\r\n\r\nGiá:1.995.000 VND', null, '29000000', null, '9000000', '3', '2017-05-28 10:57:04', '2017-06-16 10:59:19', '9', '100000', '37', '');
INSERT INTO `sanpham` VALUES ('152', '25', 'MÁY LỌC NƯỚC BENTO HB 741', 'Sản phẩm được thiết kế sang trọng\r\nThân máy sáng bóng với công nghệ ABS\r\nChức năng Tắt/Mở ngay phía trước thiết bị\r\nHệ thống theo dõi tình trạng thiết bị\r\nHiển thị bằng đèn LED\r\nVòi nước an toàn với trẻ nhỏ\r\nRuột bình chứa nước bằng thép không gỉ\r\nThân thiện với môi trường\r\nKiểm tra nhiệt độ nước bằng cảm biến\r\nCó thể được thay đổi trạng thái bình thường\r\n\r\nGiá:16.900.000 VND', null, '55000000', null, '11000000', '3', '2017-05-28 10:57:04', '2017-06-24 00:16:25', '4', '100000', '37', '\0');
INSERT INTO `sanpham` VALUES ('153', '25', 'Máy lọc nước điện phân Galaxy D500', 'Máy lọc nước Điện Phân Ion Kiềm - Galaxy\r\nD500, mang lại nguồn nước Ion kiềm tốt cho \r\nCơ thể và loại bỏ nước Acid có hại cho cơ thể, \r\nMang lại Cơ thể khỏe mạnh chống bệnh tật bằng\r\nnguồn nước kiềm trung tính giầu khoáng chất.\r\nDùng điện Phân\r\nTách nước thành Nước pH Kiềm và Nước Acid\r\n\r\nGiá: 35.000.000 VND', null, '29000000', null, '9000000', '5', '2017-05-28 10:57:04', '2017-06-16 10:59:19', '4', '100000', '20', '\0');
INSERT INTO `sanpham` VALUES ('154', '25', 'Máy lọc nước uống trực tiếp RO công suất lớn - Model KR-800', 'Model KR-800 bao gồm các cấp lọc và màng lọc RO chất lượng cao được chứng nhận bởi tổ chức NSF, thời gian sử dụng dài có công suất lên tới 800 GDP (Gallon per day). Thiết kế bọc thép không gỉ, cửa kính cách điện cách nhiệt sang trọng, hiện đại.\r\nTính năng :\r\n● Cung cấp nước uống an toàn và tinh khiết tuyệt đối với công suất lên tới 800 GPD. Sản phẩm lý tưởng dùng cho gia đình, nhà hàng, khách sạn\r\n● Bao gồm 5-6 cấp lọc có tuổi thọ cao với màng lọc RO sử dụng công nghệ thẩm thấu ngược, có khả năng loại bỏ tạp chất có kích thước lớn hơn 0.0001 micron, trên 95% tổng các chất rắn, 99% các chất hữu cơ và vi khuẩn\r\n● Bao gồm máy bơm tăng áp đảm bảo sản xuất nước liên tục ngay cả khi áp lực nước đầu vào thấp\r\n● Tích hợp van điện từ giảm thiểu nước xả, van rửa tự làm sạch màng RO, ngăn ngừa vi khuẩn, gia tăng hiệu quả sử dụng màng RO\r\n● Màn hình LED luôn thông báo trạng thái hoạt động, hàm lượng TDS\r\n● Thiết kế đặt sàn, đẹp và hiện đại. Dễ lắp đặt, di chuyển, không cần khoan tường\r\n● Tích hợp bộ vi xử lý điều khiển\r\nTHÔNG SỐ KỸ THUẬT\r\n• 5 cấp lọc: Lõi PP, Lõi CTO, Lõi Resin (tuổi thọ >1 năm), Màng lọc RO 400 GPD (tuổi thọ 3-4 năm) và Lọc Post Carbon (tuổi thọ 1-2 năm): sản xuất tại Mỹ\r\n• Công suất (gallons per day): 400 GPD\r\n• Áp lực bơm tăng áp: 80 psi\r\n• Dung tích bình chứa: 11 GPD (40 lít)\r\n• Áp suất vận hành: 80 psi\r\n• Nguồn nước cấp: nước máy, nước ngầm\r\n• Kích thước: 60 x 60x 155cm Trọng lượng: 45 kg\r\n\r\nGiá: 25.000.000 VND', null, '55000000', null, '11000000', '7', '2017-05-30 10:57:13', '2017-06-16 10:59:19', '8', '100000', '37', '');
INSERT INTO `sanpham` VALUES ('155', '25', 'Máy lọc trực tiếp đầu vòi Eurolife EL-LS-D10', 'Hiện nay, chất lượng nước đang là mối quan tâm hàng đầu của các gia đình. Nhưng với mật độ công nghiệp hóa và ô nhiễm môi trường, đặc biệt ở thành phố thì vấn đề nước sạch luôn được quan tâm.\r\n\r\nEurolife trân trọng giới thiệu sản phẩm mang tính đột phá về công nghệ, xanh, sạch, an toàn và thân thiện với người sử dụng : Máy lọc nước tại đầu vòi Eurolife EL-LS-D10\r\nThông tin về sản phẩm :\r\n\r\nMáy lọc nước tại đầu vòi Eurolife . Mã sản phẩm : EL-LS-D10\r\n\r\nThương hiệu : Eurolife - Việt Nam ( Thương hiệu uy tín, chuyên nghiệp cho các thiết bị phòng tắm, nhà bếp tại Việt Nam)\r\n\r\nKích thước sản phẩm : 146*64*105mm\r\n\r\nÁp lực sử dụng : ≥0.1-0.35Mpa\r\n\r\nBảy chế độ lọc : Hạt Alkaline, Than hoạt tính, đá Maifan, Tourmaline, CaSo3, Vải cotton không dệt, Lưới lọc\r\n\r\nLoại bỏ đến 99.99% vi khuẩn, vi sinh, các chất độc hại, clo, kim loại nặng, thuốc trừ sâu, rong rêu trong nước, đồng thời khử mùi, giúp nguồn nước trong lành, tươi mát và mềm mại hơn bao giờ hết. An toàn cho việc ăn uống và nấu nướng.\r\n\r\nGiá: 357.400 VND', null, '55000000', null, '9000000', '5', '2017-05-30 10:57:13', '2017-06-24 00:16:25', '6', '100000', '37', '\0');
INSERT INTO `sanpham` VALUES ('156', '25', 'Ống lọc nước Dileka 40RS', '- Kích thước: Chiều dài: 398mm, chiều cao: 55mm, đường kính ống: 26.5mm\r\n- Vỏ ngoài bằng thép chống gỉ \r\n- Tốc độ lọc: Lớn nhất 1.320 l/h\r\n- Trọng lượng: 2.7kg\r\n\r\n- Cách dùng: Lắp vào sau bể test nước hoặc đầu vào tổng thể nước của gia đình. \r\n- Hệ thống lọc: Gồm các gốm sứ trong lõi lọc, khi nước chảy qua sẽ bị va đập và các tia hồng ngoại tạo ra Ion âm và Ion dương trong nước. Ion âm có lợi sẽ được chảy qua ống để sử dụng, còn Ion dương có hại sẽ được chuyển hóa qua chíp ITB để thành Ion âm có lợi.\r\n- Cấu tạo: \r\n + Gồm 1 lõi lọc: Chất liệu gồm các vách ngăn, Khoáng chất Zeolit, than hoạt tính, đồ gốm sứ, Fullerene Carbon... \r\nThời gian sử dụng từ 15 năm - 40 năm (Không thay lõi lọc, không bảo trì, bảo dưỡng)\r\n\r\nGiá: 52.000.000 VND', null, '55000000', null, '11000000', '4', '2017-05-30 10:57:13', '2017-06-16 10:59:19', '9', '100000', '20', '\0');
INSERT INTO `sanpham` VALUES ('157', '27', 'LEVI\'s 514 Slim Straight Jeans size 36 x 33 Flap Pocket Blue', 'Rất đẹp 1.038.698 VNĐ\r\n\r\n', null, '29000000', null, '9000000', '1', '2017-05-30 10:57:13', '2017-06-24 00:16:25', '2', '100000', '37', '\0');
INSERT INTO `sanpham` VALUES ('158', '27', 'Men\'s American Eagle Jeans Slim Straight 100% Cotton Denim Pants 34x32', '588.000 VNĐ\r\n\r\n\r\n\r\nQuần jean có kích thước 34 inch với đường kính 31 inch.\r\nVòng có kích thước 19 inch với mức tăng 10,5 inch. Jeans là 100% Cotton. Jeans đang trong tình trạng tốt.\r\n', null, '55000000', null, '11000000', '6', '2017-05-28 10:57:04', '2017-06-16 10:59:19', '7', '100000', '20', '');
INSERT INTO `sanpham` VALUES ('159', '28', 'Combo quần short kaki nam GK002', 'Chất liệu kaki thun co giãn, phom trên gối trẻ trung, hiện đại\r\nDệt từ 100% sợi cotton cao cấp nhập từ Ý\r\nBền màu, không xù lông, thoải mái và thoáng mát khi mặc\r\nSize: 29, 30, 31, 32, 34\r\nMàu: trắng, đen, xanh đen\r\n1.020.000 VND', null, '29000000', null, '9000000', '4', '2017-05-30 10:57:13', '2017-06-24 00:16:25', '2', '100000', '20', '');
INSERT INTO `sanpham` VALUES ('160', '28', 'Quần Shorts Khaki Cạp Chun Nam SoYoung MEN SHORTS 700004 NU', 'So Young là thương hiệu chuyên về các loại giày dép, quần áo, phụ kiện thời trang. Chúng tôi hân hạnh mang đến cho quý khách những sản phẩm chất lượng với giá cả phù hợp và dịch vụ uy tín. Tất cả các sản phẩm của So Young đều được chúng tôi tuyển chọn một cách kỹ lưỡng sao cho phù hợp với phong cách Châu Á và bắt nhịp cùng xu hướng trẻ. Đến với chúng tôi khách hàng có thể yên tâm mua hàng với nhiều mẫu mã được cập nhật thường xuyên và nhiều khuyến mại hấp dẫn.\r\n\r\nTrẻ trung - Uy tín - Chất lượng\r\n\r\nTHÔNG TIN SẢN PHẨM\r\nSản phẩm: Quần short khaki cạp chun nam.\r\nChất liệu: mềm mại, thoáng mát tạo cảm giác thoải mái khi mặc.\r\nQuần short nam với thiết kế đơn giản, phù hợp mặc trong nhiều dịp như đi chơi hay ngay khi ở nhà.\r\nQuần nam thể thao mang đến cho chàng trai vẻ ngoài năng động, khỏe khoắn và đầy cá tính.\r\nThông số kỹ thuật:\r\n\r\nSize 28: người từ 45kg đến 50kg\r\nSize 29: người từ 50kg đến 55kg\r\nSize 30: người từ 55kg đến 60kg\r\nSize 31: người từ 60kg đến 65kg\r\nSize 32: người từ 65kg đến 70kg\r\n109.000 VND\r\n\r\n\r\nKiểu dáng trẻ trung, năng động, khỏe khoắn\r\n- Chất liệu khaki mềm mại thấm hút mồ hôi, màu sắc đẹp', null, '55000000', null, '11000000', '10', '2017-05-28 10:57:04', '2017-06-16 10:59:19', '1', '100000', '37', '');
INSERT INTO `sanpham` VALUES ('161', '29', 'Quần dài da đầu lâu tastb', 'HÀNG CÓ SẲN - MUA CÓ NGAY\r\nUY TÍNH - CHẤT LƯỢNG\r\n\r\n540,000đ', null, '29000000', null, '9000000', '2', '2017-05-30 10:57:13', '2017-06-16 10:59:19', '3', '100000', '37', '\0');
INSERT INTO `sanpham` VALUES ('162', '29', 'Quần dài da đính hạt', ' 500,000đ\r\n\r\nHÀNG CÓ SẴN - MUA CÓ NGAY\r\nUY TÍN - CHẤT LƯỢNG', null, '55000000', null, '11000000', '4', '2017-05-28 10:57:04', '2017-06-24 00:16:25', '6', '100000', '20', '');
INSERT INTO `sanpham` VALUES ('163', '30', 'Áo thun nam cổ bẻ thời trang 2017 L&A fashion', 'Chất liệu cotton cao cấp thấp hút mồ hôi\r\nĐường may tinh tế cẩn thận\r\nPhong cách trẻ trung năng động\r\nThiết kế thời trang nổi bật\r\n\r\nL&A fashion dẫn đầu trong việc đáp ứng nhanh chóng những trào lưu xu hướng thời trang mới nhất châu Á. L&A fashion luôn mang đến làn gió mới với xu hướng thời trang năng động, hiện đại và cá tính. chúng tôi liên tục đổi mới chính mình để theo kịp những xu hướng thời trang mới, chúng tôi cam kết luôn cập nhật những mẫu mới nhất để đáp ứng nhu cầu khách hàng.\r\n\r\n \r\n\r\nGiới thiệu sản phẩm\r\n\r\n \r\n\r\nÁo thun nam cổ bẻ thời trang 2017 L&A fashion với thiết kế trẻ trung và cá tính với điểm nhấn nổi bật nổi bật, cho các bạn nam tự tin khoe cá tính sôi nổi.\r\n\r\nChất liệu thun cotton  mang lại sự thoải mái, thoáng mát, thấm hút mồ hôi tốt, phù hợp với các bạn trẻ yêu thích hoạt động.\r\n\r\nMàu sắc: Trắng, xám, Xanh đen\r\n\r\nHướng dẫn chọn size:\r\n\r\nSize M: phù hợp với bạn từ dưới 55kg.\r\nSize L: phù hợp với bạn từ 55 -65kg.\r\nSize XL: phù hợp với bạn  65-75kg\r\nSize XXL: phù hợp với bạn >75kg', null, '29000000', null, '9000000', '5', '2017-05-30 10:57:13', '2017-06-16 10:59:19', '9', '100000', '37', '\0');
INSERT INTO `sanpham` VALUES ('164', '30', 'Bộ 3 Áo thun nam body cổ trụ cotton cực mát JK02', 'Loại sản phẩm: Bộ 3 áo thun nam body cổ trụ JK02\r\n\r\nThương hiệu: Pigovietanm\r\n\r\nÁo thun nam cổ trụ VNXK là trang phục giúp các chàng trai làm mới phong cách của chính mình.\r\n\r\nThiết kế cổ bẻ xẻ trụ đơn giản, cực kỳ năng động, khỏe khoắn, nhưng vẫn không kém phần sành điệu.\r\nChất liệu thun coton 100% mềm mại, thông thoáng và co giãn tối ưu, luôn tạo cảm giác thoải mái khi mặc.\r\nMàu sắc trẻ trung, dễ dàng phối cùng nhiều kiểu jeans bụi phủi, kaki lịch lãm.\r\nMàu sắc: Trắng, Xám, xanh đen, đen, Biển, đô\r\n\r\nThiết kế thời trang; áo body Slim Fit\r\nChất liệu thun cotton cao cấp\r\nĐa phong cách; cổ lãnh tụ\r\nĐường may tinh tế sắc sảo\r\nSize: M< 55kg, L: 56- 65kg ,XL: 66- 75kg \r\n399.000 VND', null, '29000000', null, '11000000', '4', '2017-05-30 10:57:13', '2017-06-24 00:16:25', '2', '100000', '37', '');
INSERT INTO `sanpham` VALUES ('165', '31', 'Áo sơ mi dáng chuẩn thời trang SMARTMEN SM-06', ' Chất liệu: Vải cotton không nhăn cao cấp\r\n- Màu sắc: Màu xanh nhạt\r\n- Kiểu dáng: Body, trẻ trung, năng động\r\n- Thương hiệu: Thời trang 4VIETNAM\r\n190.000 VND\r\nSo với những chiếc áo sơ mi họa tiết hay sơ mi màu thì áo sơ mi xanh nhạt vừa mang đậm nét cổ điển, lịch lãm mà lại trang trọng cần thiết đối với mọi chàng trai. Màu xanh nhạt dễ mặc, không kén dáng và lại dễ tạo nên cảm xúc tích cực cho người đối diện.\r\n\r\nÁo sơ mi Hàn Quốc xanh nhạt SM06 thiết kế phá cách với cổ bẻ nhỏ, tay dài trông hiện đại và thời trang hơn. Thiết kế hiện đại với form ôm dáng body làm tôn dáng cho người mặc. Kiểu dáng body hiện giờ không chỉ dành riêng cho giới trẻ mà dành cho những người đàn ông ở tuổi trung niên thậm chí cao niên vì kiểu áo sơ mi form suông không còn được ưa chuộng như trước.', null, '55000000', null, '11000000', '5', '2017-05-28 10:57:04', '2017-06-16 10:59:19', '9', '100000', '20', '\0');
INSERT INTO `sanpham` VALUES ('166', '31', 'Bộ 2 Áo Sơ Mi Nam BoDy MSGG', '249.000 VND\r\n\r\nTHÔNG TIN THƯƠNG HIỆU\r\n\r\nMua Sắm Gía Gốc là Nhà phân phối chuyên sỉ & lẻ các mặt hàng thời trang và phụ kiện với giá gốc. Chúng tôi hân hạnh và luôn cố gắng để mang đến cho quý khách những sản phẩm chất lượng với giá cả tốt nhất và dịch vụ uy tín. Tất cả các sản phẩm của Mua Sắm Gía Gốc đều được chúng tôi tuyển chọn một cách kỹ lưỡng sao cho phù hợp với phong cách Châu Á và bắt nhịp cùng xu hướng trẻ. Đến với chúng tôi khách hàng có thể yên tâm mua hàng với nhiều mẫu mã được cập nhật thường xuyên và nhiều khuyến mại hấp dẫn. Xin mời quý khách hàng truy cập để xem thềm nhiều sản phẩm hấp dẫn khác: http://www.lazada.vn/mua-sam-gia-goc/\r\n\r\n\" Thấy Là Tin - Dùng Là Thích \"\r\n\r\n \r\n\r\nLà một trong những “item” không thể thiếu trong tủ đồ của phái mạnh, chiếc áo sơ mi được xem như người bạn đồng hành lý tưởng, góp phần giúp các quý ông thể hiện vẻ đẹp nam tính và lịch lãm trước mọi người. Áo sơ mi sở hữu kiểu dáng trẻ trung nhưng cũng không kém phần thanh lịch, được may từ vải cotton thoáng mát đem đến cho người mặc sự tự tin, thoải mái, không bị dính ráp mồ hôi. Với chiếc sơ mi này, bạn có thể phối hợp dễ dàng cùng quần tây hoặc quần jeans để có ngay một set đồ hoàn chỉnh, phù hợp đi làm hay họp mặt bạn bè.\r\n\r\nChất liệu Kate silk co giản thoáng mát\r\nSản phẩm được làm từ chất liệu Kate silk thoáng mát, thấm hút mồ hôi tốt, thích hợp mặc trong nhiều điều kiện khác nhau.\r\n\r\nThiết kế đơn giản, thanh lịch\r\nVới thiết kế không quá cầu kỳ, sản phẩm chú trọng phom dáng cùng từng đường kim mũi chỉ tinh tế để tạo nên sự thanh lịch cho người mặc.\r\n\r\nPhù hợp phối cùng nhiều trang phục và phụ kiện khác nhau\r\nVới chiếc áo sơ mi này, bạn có thể thỏa sức phối hợp với nhiều trang phục và phụ kiện khác nhau. Một chiếc quần tây khi đến văn phòng hay một chiếc quần jeans trẻ trung khi đi chơi sẽ là gợi ý lý tưởng dành cho bạn.\r\n\r\nSIZE THAM KHẢO:\r\n\r\nM= 48- 58KG\r\n\r\nL= 59- 70KG', null, '29000000', null, '9000000', '9', '2017-05-30 10:57:13', '2017-06-24 00:16:25', '7', '100000', '37', '');
INSERT INTO `sanpham` VALUES ('167', '32', 'Áo cardigan len nam AN140', '513.000 VND\r\n\r\nLoại sản phẩm: Áo khoác nam\r\n- Chất liệu: Len cao cấp\r\n- Thiết kế: Hợp thời trang, nam tính\r\n- Dễ dàng phối trang phục', null, '29000000', null, '11000000', '4', '2017-05-28 10:57:04', '2017-06-16 10:59:19', '5', '100000', '37', '\0');
INSERT INTO `sanpham` VALUES ('168', '32', 'Áo cardigan nam AN124', 'Thời trang gia đình nhưng vẫn tinh tế - Đó là Family shop. Điều làm nên sự khác biệt của chúng tôi là những mẫu mã đa dạng phong phú. Nếu muốn cảm nhận sự sành điệu, hãy đến với Family shop!\r\nĐẶC ĐIỂM NỔI BẬT\r\nLoại sản phẩm:\r\nSản phẩm có kiểu dáng năng động, trẻ trung dễ dàng kết hợp trang phục và phù hợp với nhiều hoàn cảnh.\r\nMàu sắc: thanh lịch, trẻ trung \r\nChất liệu cao cấp \r\nThiết kế đơn giản mà sành điệu \r\n399.000 VND', null, '55000000', null, '11000000', '1', '2017-05-30 10:57:13', '2017-06-24 00:16:25', '2', '100000', '20', '');
INSERT INTO `sanpham` VALUES ('169', '32', 'Áo khoác kaki 2 lớp nam RINTON', 'Áo khoác nam kaki 2 lớp Riton mang đến các chàng phong cách thời trang phóng khoán, năng động và cá tính.\r\nThiết kế năng động, khóa kéo, tay áo dài có bo, tạo nên phong cách thời trang cá tính, sành điệu.\r\nCho bạn nam phong cách thật ngầu cùng vẻ ngoài vô cùng năng động, khỏe khoắn.\r\nThiết kế năng động, phong cách với chất liệu vải Kaki 2 lớp bền đẹp.\r\nMàu sắc : Xanh rêu\r\nFreesize. Thích hợp nam dưới 70kg.\r\n\r\nKích thước: Dài 68cm, ngực 55cm, Tay 61cm\r\n249.000 VND', null, '29000000', null, '9000000', '2', '2017-05-28 10:57:04', '2017-06-16 10:59:19', '1', '100000', '37', '\0');
INSERT INTO `sanpham` VALUES ('170', '33', 'Quần jeans lưng thun paris', '320,000đ\r\n\r\nHÀNG CÓ SẴN - MUA CÓ NGAY\r\nUY TÍNH - CHẤT LƯỢNG', null, '55000000', null, '11000000', '1', '2017-05-28 10:57:04', '2017-06-24 00:16:25', '9', '100000', '37', '\0');
INSERT INTO `sanpham` VALUES ('171', '33', 'Quần jeans nữ rách lỗ', ' 270,000đ\r\nHÀNG CÓ SẴN - MUA CÓ NGAY\r\nUY TÍNH - CHẤT LƯỢNG', null, '29000000', null, '11000000', '4', '2017-05-30 10:57:13', '2017-06-16 10:59:19', '2', '100000', '20', '');
INSERT INTO `sanpham` VALUES ('172', '34', 'Quần short caro cá tính', 'Rất đẹp 135,000đ', null, '55000000', null, '9000000', '4', '2017-05-28 10:57:04', '2017-06-24 00:16:25', '10', '100000', '20', '');
INSERT INTO `sanpham` VALUES ('173', '34', 'Quần short jeans was rách viền chữ', '310,000đ\r\n\r\nQuần short jeans was rách viền chữ \r\n- Chất vải: Jeans was rách cực đẹp dày dặn,from chuẩn, đính ruy băng rời \r\n- Màu sắc: X.đậm,X. nhạt\r\n- Có 2 size : S dưới 50kg - M dưới 53kg', null, '29000000', null, '11000000', '8', '2017-05-30 10:57:13', '2017-06-24 00:16:25', '7', '100000', '37', '\0');
INSERT INTO `sanpham` VALUES ('174', '35', 'Quần tây suông ống bát', '360,000đ\r\nHàng cao cấp (có sẵn)\r\nChuẩn hàng mẫu mặc,hình chụp thật hơi bị dìm hàng,quần ở ngoài đẹp hơn nhiều nha\r\n-Chất liệu:Cotton nhập cao cấp,chất cực đẹp, from mặc lên bao chuẩn luôn,nhìn có cảm giác chân dài miên man,sang chảnh lắm\r\n-Màu sắc:Đen\r\n-Size:S dưới 53kg - M dưới 57kg', null, '29000000', null, '9000000', '4', '2017-05-28 10:57:04', '2017-06-24 00:16:25', '1', '100000', '20', '');
INSERT INTO `sanpham` VALUES ('175', '35', 'Quần tuxedo nữ đính nút', '270,000đ\r\n\r\nHÀNG CÓ SẴN - MUA CÓ NGAY\r\nUY TÍNH - CHẤT LƯỢNG', null, '55000000', null, '9000000', '7', '2017-05-30 10:57:13', '2017-06-24 00:16:25', '3', '100000', '37', '\0');
INSERT INTO `sanpham` VALUES ('176', '36', 'Áo thun hoodie phối màu mad', '255,000đ\r\n\r\nHÀNG CÓ SẴN - MUA CÓ NGAY\r\nUY TÍNH - CHẤT LƯỢNG', null, '29000000', null, '9000000', '8', '2017-05-30 10:57:13', '2017-06-16 10:59:19', '7', '100000', '37', '\0');
INSERT INTO `sanpham` VALUES ('177', '36', 'Áo thun thêu hoa hồng và chữ (thêu nổi) -MSP202145202, Túi kim sa cô gái -MSP201240102', '290,000đ\r\n\r\nÁo thun thêu hoa hồng và chữ (thêu nổi)\r\n- Chất liệu: Thun cotton 100%,dày dặn rất đẹp,sờ chất thích liền mặc mát lạnh,from chuẩn đẹp \r\n- Màu sắc: Trắng,đen\r\n- Free size: Dưới 55kg', null, '55000000', null, '11000000', '1', '2017-05-28 10:57:04', '2017-06-24 00:16:25', '2', '100000', '20', '\0');
INSERT INTO `sanpham` VALUES ('178', '37', 'Áo sơ mi nữ sọc paris', '230,000đ\r\n\r\nHÀNG CÓ SẴN - MUA CÓ NGAY\r\nUY TÍNH - CHẤT LƯỢNG', null, '29000000', null, '11000000', '2', '2017-05-30 10:57:13', '2017-06-24 00:16:25', '4', '100000', '37', '');
INSERT INTO `sanpham` VALUES ('179', '37', 'Áo sơ mi sọc phối ren', ' 230,000đ\r\n\r\nHÀNG CÓ SẲN - MUA CÓ NGAY\r\nUY TÍNH - CHẤT LƯỢNG', null, '29000000', null, '9000000', '4', '2017-05-30 10:57:13', '2017-06-16 10:59:19', '9', '100000', '20', '\0');
INSERT INTO `sanpham` VALUES ('180', '38', 'Áo voan lưới phối ren hoa', 'Áo voan lưới phối ren hoa \r\n- Chất vải: Lưới tơ phối ren sắc nét,kèm áo lót trong 2 dây,from rất đẹp,mặc cực xinh \r\n- Màu sắc: Nude,đen,trắng\r\n- Free size: Dưới 53kg\r\n\r\n320,000đ', null, '55000000', null, '11000000', '1', '2017-05-28 10:57:04', '2017-06-16 10:59:19', '2', '100000', '37', '');
INSERT INTO `sanpham` VALUES ('181', '38', 'Bộ jum nơ lưng sexy sang chảnh', 'Bộ jum nơ lưng sexy sang chảnh \r\n- Chất cát Thái \r\n- Freesize 45-53kg cao 1,5-1,65m \r\n- Màu: Xanh lá, đen, đỏ đô\r\n360,000đ', null, '29000000', null, '11000000', '6', '2017-05-30 10:57:13', '2017-06-16 10:59:19', '5', '100000', '37', '');
INSERT INTO `sanpham` VALUES ('182', '38', 'Bộ Jump Ngắn Cổ Kết Ngọc Trai', 'Bộ Jump Ngắn Cổ Kết Ngọc Trai\r\n- Mã số :     1825     \r\n- Loại vải :     Voan Và Thun     \r\n- Màu áo :     Đen\r\n- Số đo :     Ngực 88-90 cm - Eo 68-70 cm - Dài 75 cm  \r\n\r\n 620,000đ', null, '55000000', null, '9000000', '10', '2017-05-28 10:57:04', '2017-06-24 00:16:25', '9', '100000', '20', '');
INSERT INTO `sanpham` VALUES ('183', '39', 'Vintage 3.90ct Cabochon Cut Sapphire Diamond 14k White Gold Ring Estate', 'Giá bán:\r\n8.679.223 VNĐ\r\n\r\nKiểu dáng: bạn đang tìm kiếm một chiếc nhẫn xinh xắn với một chiếc bánh xà phòng hình bầu dục khoảng xấp xỉ khoảng 3.90ct, được bao bọc bằng hai viên kim cương cắt tròn, tất cả đều được thiết lập trong một thiết lập vàng trắng 14 k bằng vàng\r\n\r\nĐá quý: Một chiếc cabochon hình bầu dục cắt sapphire tự nhiên 3,89ct theo công thức xấp xỉ. 9.20-7.20x5.45mm một số vết trầy xước, hai viên kim cương cắt tròn với trọng lượng kim cương tổng cộng xấp xỉ 0.24ct, một vài con chip. Đá quý được đo và phân loại trong khi được đặt giới hạn, trọng lượng tính theo công thức. Tất cả trọng lượng / cấp là gần đúng. Đá quý màu chưa được thử nghiệm để điều trị. Màu sắc của đá quý trong ảnh có thể khác nhau trên các màn hình khác nhau / ánh sáng khác nhau\r\n\r\nKim loại: Vàng trắng 14k (đã thử nghiệm)\r\n\r\nKích thước vòng: phía trên cùng của vòng rộng 8,29mm (N-S), thân dài 1,4mm ở phía sau\r\n\r\nKích thước vòng: 7,75\r\n\r\nDấu hiệu: điểm nổi bật đã mòn mỏi theo thời gian và không đọc được\r\n\r\nTổng trọng lượng: 3.3g', null, '29000000', null, '11000000', '5', '2017-05-28 10:57:04', '2017-06-24 00:16:25', '1', '100000', '37', '\0');
INSERT INTO `sanpham` VALUES ('184', '39', 'VINTAGE ART DECO AMBER NECKLACE BUTTERSCOTCH EGG YOLK STERLING FILIGREE CLASP 17', 'Giá đấu cao nhất:\r\n3.218.428 VNĐ\r\n\r\nMÀU THIÊN NHIÊN HOÀN THÀNH (CÀ NÀNG KHÔNG BAKELITE) MÀU SÀU Đ BEP Đ BEP Đ BEP Đ BEP\r\n\r\n  TRONG PHOTO THỨ NĂM, TH NNG MẠNG LOOKS TRÊN TRUNG TÂM, DO CAMERA ANGLE CỦA TÔI, THIẾT KẾ CỦA CÂN ĐƯỢC CÂN B BNG.\r\n\r\nTRUNG TÂM THƯƠNG MẠI NECKLACE WEIGHS, 19.6 GR.\r\n\r\nKHÔNG ĐẢM BẢO XUẤT XỨ CỦA BERBER này, tôi đã thấy một số tương tự như tiếng Nga, mặc dù tôi không thể chắc chắn, NẾU BẠN CÓ BIẾT, HÃY VUI LÒNG ĐỌC E-MAIL.\r\n\r\nNECKLACE NÀO Đ THISC BIỆT, CÁC BIỆN PHÁP KẾT THÚC KẾT THÚC, T FROM ĐẦU PHÒNG PHÁT TRIỂN CẦU TAY, ĐẾN KẾT THÚC KHÁC CỦA PHỤ KIỆN HỢP PHỤ KIỆN - 17/4 \"CH PRO XẢY 17\" NECKLACE PO CLASPED.\r\n\r\nTẬP NÀY NÀY CÓ ĐÃ TUỔI, KHÔNG CÓ BẤT K AN CÁCH NÀO, THIẾT BỊ LÀ GỐC VÀ Đ BEP ĐÂY.\r\n\r\nTôi KHÔNG CÓ CLASP LÀ NH ITNG CÓ THỂ, VÀ KHÔNG LÀM SẠCH HO ORC PHÂN PHỐI ĐẦU TƯ CỰC CẦU, NH SONG ĐIỀU CÓ THỂ LÀM ĐƯỢC LÀ MỘT, CLASP ĐƯỢC ĐÁNH DẤU TRÊN THIÊN NHIÊN CỦA THIẾT BỊ CLASP.\r\n \r\nYUMMY NECKLACE! BẤT K QU CÂU H QUI VỀ TẤT CẢ.', null, '29000000', null, '9000000', '4', '2017-05-28 10:57:04', '2017-06-24 00:16:25', '2', '100000', '37', '');
INSERT INTO `sanpham` VALUES ('185', '40', '14K White Gold Princess Cut Diamond Engagement Ring Wedding Band Bridal Set', 'Giá bán:\r\n2.376.979 VNĐ\r\n\r\nhis Ring and Band Set is made in Solid 14k White Gold Layering over Sterling Silver. , The Diamond Stimulant used is Coated with 100% Carbon with CVD Technology, So which makes it appear like a Earth Mined Diamond and last forever like a earth mined diamond and it comes with a Lifetime Replacement Warranty. \r\n\r\nMetal Type: 14k Solid White Gold Layering over Sterling Silver\r\nTCW Diamonds : 4.3 ct\r\nDiamond Color: D\r\nDiamond Clarity: VVS1\r\nTreatment: High Pressure High Temperature (HPHT)\r\nDiamond Type: Lab Created Stimulant with Diamond Coating\r\n \r\nGold Color Default: 14k White Gold\r\n---\r\n\r\n\r\nShipping Policy United States:\r\n \r\nThe Default size is US 7.\r\nPlease message us your size incase you want a resize by ebay messages only, in case you forgot to send us your ring size within 1 hour of making payment then the default size 7 will be shipped.\r\nIf you ordered a size 7 then it will be delivered to you from our Warehouse in the United States by USPS First Class.\r\nIf you ordered a resize, then the resizing will be done and the goods will be shipped to you by DHL Global Mail. Please note that the resizing takes 3-5 working days, and economy Shipping requires 7-14 days additional for delivery.\r\nIn case you require faster shipping, then you can pay Additional Costs at the time of Checkout for Expedited Shipping.\r\n \r\n \r\n \r\nShipping Policy UK and Europe:\r\n \r\nThe Default size is UK SIZE N.\r\nPlease message us your size incase you want a resize by ebay messages only, in case you forgot to send us your ring size within 1 hour of making payment then the default UK size N will be shipped.\r\n \r\nDefault size N ships the same day or within one business day. The orders requesting resize, please note that resizing will take 3-5 working days. All goods are send by FREE SHIPPING by DHL economy Shipping or ROYAL Mail, in case you require faster shipping, then you can pay Additional Costs at the time of Checkout for Expedited Shipping.\r\nFor Items with Value Less than 200 GBP, there is no Customs Duty of Tax in Europe.\r\n \r\n \r\nShipping Policy Australia and Canada:\r\n \r\nIn case of Default size of Size 7 (US Size), or N (UK Size), the goods are dispatched the same day or within one business day.\r\nPlease message us your size incase you want a resize by ebay messages only, in case you forgot to send us your ring size within 1 hour of making payment then the default US 7 will be shipped.\r\n \r\nThe goods are shipped by DHL Express Shipping\r\nCustomer is responsible for paying the duties and taxes in his country.\r\n', null, '55000000', null, '11000000', '7', '2017-05-28 10:57:04', '2017-06-24 00:16:25', '9', '100000', '20', '');
INSERT INTO `sanpham` VALUES ('186', '41', 'Daddy\'s Little Angel Heart Photo Locket Pendant Necklace Girls Kids 16', 'Giá bán:\r\n451.493 VNĐ\r\n\r\nOur newest \"Daddy\'s Little Angel\" heart photo locket pendant necklace is the perfect gift for your little princess. This heart locket opens to hold two pictures that she can wear close to her heart. Make the special girl in your life smile with this beautiful heart shaped locket. All girls are daddy\'s apples of their eyes and this heart shaped photo locket is the perfect gift for her. Great gift for Valentines Day, Birthday or Christmas. A 16 inches chain is included. Order yours today!\r\n\r\nDaddy\'s Little Angel Heart Photo Locket Pendant Necklace\r\nBrass - Gold Tone\r\nLocket Size: 1.25 in. W x 1.12 in. H (30mm x 28mm)\r\nChain Length: 16 inches (40 cm)\r\nAge Group: Kids, Girls and Teens\r\nAdd 2 images inside!\r\nGift Box Included', null, '29000000', null, '9000000', '2', '2017-05-30 10:57:13', '2017-06-16 10:59:19', '1', '100000', '25', '\0');
INSERT INTO `sanpham` VALUES ('187', '41', 'Dây cổ Bạc PNJSilver', 'Hàng chính hãng PNJSilver\r\nChất liệu bạc Sterling 92.5\r\nSản xuất tại Việt Nam\r\n\r\n1.283.000 VND\r\n\r\nBước cùng trí tưởng tượng rất đỗi đáng yêu của những cô gái, PNJSilver gửi đến BST My Princess với những phiên bản thiết kế trang sức mang xu hướng thời trang Xuân Hè- xu hướng Royal. BST được cách điệu từ những chi tiết thời trang Royal và hơn cả được lấy cảm hứng từ chính những cô gái mang tâm hồn tươi đẹp, trong trẻo mà PNJSilver luôn sánh bước cùng. Với BST trang sức thật thời trang, thật mới mẻ này, PNJSilver gửi lời nhắn nhủ rằng “Các cô gái ơi, hãy cứ luôn xinh đẹp như những nàng công chúa trong mắt người mình yêu và trong mắt cả thế giới quanh mình”. Đặc biệt hơn, với lần ra mắt khác biệt này cùng My Princess Collection, trang sức không còn là “đặc quyền” riêng của các cô nàng nữa. Tạo nhiều bất ngờ với những phiên bản đôi cho ngày Lễ tình nhân năm nay, BST sẽ thay lời bày tỏ của các chàng trai đến một nửa của mình một cách không gì hoàn hảo hơn. Không chỉ “thỏa mãn” giấc mơ công chúa của các nàng, với My Princess Collection cho ngày 14/2, các chàng còn thêm cơ hội nữa để hoàn thiện câu chuyện cổ tích thời thơ bé cho một nửa của mình. Bước song hành cùng buồn vui của nửa kia và hoàn thiện giấc mơ nàng công chúa sánh bước thật lộng lẫy bên bạch mã hoàng tử, để luôn giữ ấm câu chuyện tình của hai bạn.\r\nVới dây chuyền đôi mang thiết kế mới lạ, cùng thông điệp “You are my princess”, đây là dịp để các chàng thể hiện mức độ thấu hiểu đối phương bằng cách trao đến nàng chiếc vương miện hơn ngàn lời ngợi ca rằng nàng luôn là công chúa nhỏ xinh đẹp và giữ một vị trí thật quan trọng trong lòng chàng, nàng là tất cả đối với chàng.', null, '55000000', null, '9000000', '10', '2017-05-30 10:57:13', '2017-06-16 10:59:19', '8', '100000', '37', '\0');
INSERT INTO `sanpham` VALUES ('188', '41', 'Vòng Thạch Anh Hồng Mix Mã Não Đỏ Tránh Tia Điện Từ Bảo Vệ Sức Khỏe', 'Đá Thạch Anh Tự Nhiên - Mã Não Đỏ Tự Nhiên\r\nTừng hạt Được Lựa Chọn Tỉ Mỉ.\r\nTheo các văn bản viết tay cổ, Mã Não - Chalcedony cũng giống như agat là bùa hộ mệnh của những người đi biển. Chalcedon cũng được coi là viên đá của tình yêu, nó thu hút trái tim của đàn ông về phía phụ nữ.\r\nThạch anh tiêu trừ tà khí: Đặc tính của thạch anh là đá thiên nhiên có dương khí rất mạnh, vì trải qua vài triệu năm hình thành, đá thạch anh thu hút năng lượng dương cực mạnh, có thể đem đến sự may mắn trong cuộc sống và công việc, chống lại sự ảnh hưởng của năng lượng xấu\r\n\r\nGiá:4.490.000 VND\r\n\r\n\r\n\r\nVòng mệnh Hỏa thiết kế đẹp mắt, gia công tinh xảo.\r\n\r\nSản phẩm mang ý nghĩa phong thủy, tốt cho sức khỏe, đem lại may mắn, tài lộc và hạnh phúc cho người đeo.\r\nĐá Thạch Anh Hồng biểu tượng của tình yêu, hạnh phúc, khử từ tính, khử Phóng xạ, đem lại sự bình an.\r\nChancedony Đỏ Khắc chữ Phạn trừ tà, xua tan mọi muộn phiền.\r\nĐược kết bằng dây đeo chắc chắn, co giãn linh hoạt, phù hợp với nhiều kích cỡ vòng tay', null, '29000000', null, '11000000', '4', '2017-05-28 10:57:04', '2017-06-24 00:16:25', '8', '100000', '37', '\0');
INSERT INTO `sanpham` VALUES ('189', '41', 'COLOR-SHIFTER AMMOLITE PENDANT-Sterling Silver, HANDMADE- Feng Shui Prized', 'Giá đấu cao nhất:\r\n3.979.148 VNĐ\r\n\r\nMột mặt dây chuyền Ammolite nổi bật làm bằng bạc. Tôi cố gắng trang trí tất cả đồ trang sức để làm nổi bật những gì quan trọng nhất \"Đá quý\". Đây là cách tôi đã luôn luôn tạo ra đồ trang sức của tôi, và bây giờ phong cách này đang trở nên phổ biến và được biết đến như là Nghệ thuật Tối giản. Mặt dây chuyền này có một viên đá quý Ammolite rộng 23 carat, 18x28mm (12mm = 1/2 \"). Người bán viên đá quý này không liệt kê được cấp của nó, nhưng tôi nói đó là đá cấp AA. Tất cả các bức ảnh sử dụng ánh sáng mặt trời tươi sáng (ánh sáng tự nhiên nhất mà có) bởi vì đó là cách tôi cảm thấy Ammolite trông tốt nhất.Tôi sẽ sử dụng các màu nền khác nhau và kết cấu, do sự tử tế của một người bạn tốt đã cho tôi rất nhiều vải khác nhau Các dòng mà bạn nhìn thấy trong hòn đá không phải là những vết nứt, mà là sự bao trùm tự nhiên thường thấy trong các viên đá Ammolite.Pyrite (tĩnh mạch vàng mỏng) và Limonite (các đường màu đen dày hơn) thường thấy ở Ammolite. Không phải là những vết nứt, mà là những sự bao phủ tự nhiên thường thấy trong các viên đá Ammolite. Pyrit (tĩnh mạch vàng mỏng) và Limonit (đường dày hơn) thường thấy ở Ammolite.\r\nMặt đá này phẳng và phẳng. Ammolite này có màu sắc tươi sáng và đèn flash đẹp. Màu sắc trong chuyển đổi Ammolite khi bạn xem các mảnh từ góc độ khác nhau. Màu sắc không hiển thị cùng một lúc nhưng dường như có vẻ như bật ra, trên toàn bộ đá, khi nó được di chuyển xung quanh. Bạn sẽ thấy màu đỏ, cam, xanh lục, xanh ngọc và xanh da trời, tất cả tùy thuộc vào ánh sáng chiếu lên bề mặt đá. Kích thước tổng thể của mặt dây chuyền là 1 3/8 \"cao 1 1/4\" rộng. Ammolite tự nhiên trong đồ trang sức này đến từ Alberta, Canada. Nó đã được cắt và hoàn thành bởi các chuyên gia lapidary những người tự hào rất lớn trong công việc họ làm ...... làm việc với Ammolite. Đá này được đánh bóng bằng tay và không có Ammolites tự nhiên nào được bao phủ. Ammolite này được đặt trong Sterling Silver và đi kèm với một chuỗi thép không gỉ chống lão hóa 18 \"miễn phí như được hiển thị.', null, '55000000', null, '11000000', '2', '2017-05-30 10:57:13', '2017-06-24 00:16:25', '9', '100000', '37', '');
INSERT INTO `sanpham` VALUES ('190', '41', 'Green Turquoise & Fire Opal Inlay 925 Sterling Silver Horse Pendant Necklace', '1.685.286 VNĐ\r\n\r\nThương hiệu mới chất lượng cao, bàn tay đánh bóng, mặt dây chuyền bằng tay được làm bằng tay với ngọc bích xanh ngọc lục bảo và đá lửa opal khảm trên 925 đồng bạc cứng và đóng dấu 925. bạc của chúng tôi chính là bạc 925. Các mặt dây chuyền các biện pháp 1-1 / 4 \"dài (bao gồm bảo lãnh) và 1-1 / 4\" rộng. Bảo lãnh là 7mm. Bạn sẽ nhận được món đồ trong hộp quà. Cảm ơn bạn đã tìm kiếm và kiểm tra thêm các mặt hàng trong Ebay Store của tôi để có nhiều mặt hàng và giao dịch tuyệt vời!\r\n\r\nVề chúng tôi:\r\n\r\nSilver Expressions USA cung cấp đồ trang sức bằng bạc chất lượng tốt với thiết kế đẹp và chất lượng cao craftsmanship. Chúng tôi cam kết cung cấp giá trị và dịch vụ đặc biệt. Mỗi mặt hàng được lựa chọn bằng tay với sự nhấn mạnh về chất lượng và thiết kế cho các đồ trang sức bạc tốt nhất.', null, '29000000', null, '9000000', '4', '2017-05-28 10:57:04', '2017-06-16 10:59:19', '1', '100000', '20', '\0');
INSERT INTO `sanpham` VALUES ('191', '43', 'Nước hoa nam F Black Cologne by Salvatore Ferragamo', '1,035,000đ\r\n\r\nSalvatore Ferragamo F pour Homme Black được tung ra thị trường tháng 07/2009, đây là phiên bản mới của F by Ferragamo pour homme (2007) nhưng cao cấp hơn dành cho Nam, phù hợp dùng vào ban đêm.\r\n\r\nNước hoa này được sáng chế bởi nhà thiết kế nổi tiếng - ông Olivier Polge, người cũng nổi tiếng sánh ngang với những nhà thiết kế như Dior, Kenzo\r\n\r\nMùi hương đặc trưng: Cam đắn, hổn hợp gỗ xạ hương với hoa ỏai hương, tiêu đen, hạt cây rau mùi, đậu tonka\r\n\r\nXuất xứ: Chính hãng nhập từ Mỹ', null, '55000000', null, '11000000', '2', '2017-05-30 10:57:13', '2017-06-24 00:16:25', '7', '100000', '37', '');
INSERT INTO `sanpham` VALUES ('192', '44', 'Nước hoa Good Girl', ' 3,200,000đ\r\n\r\nMùi thơm tuyệt vời ko thể cưỡng lại được, hương thơm giữ cực kỳ lâu', null, '29000000', null, '9000000', '3', '2017-05-28 10:57:04', '2017-06-16 10:59:19', '9', '100000', '20', '\0');
INSERT INTO `sanpham` VALUES ('193', '45', 'Sữa tắm Zest Fruitboost hàng xách tay chính hãng Mỹ', 'Sữa tắm Zest Fruitboost hàng xách tay chính hãng Mỹ \r\n- Zest Fruitboost Gel Revitaalizing với công thức 2x tập trung chất dưỡng ẩm và chất chống oxy hóa giàu vitamin C.\r\n- Sữa tắm Zest Revitalizing Gel, với mùi hương dâu và kiwi, tạo bọt cực tốt, nhẹ nhàng làm sạch cơ thể bạn đồng thời dưỡng ẩm, giúp da được thư giản, để lại trên cơ thể bạn sau khi dùng là một làn da mềm mịn, trắng sáng.\r\n498,000đ', null, '29000000', null, '11000000', '5', '2017-05-30 10:57:13', '2017-06-24 00:16:25', '9', '100000', '37', '');
INSERT INTO `sanpham` VALUES ('194', '46', 'Sữa rửa mặt Olay Gentle Clean Foaming Cleanser 200ml', '578,000đ\r\n\r\nSữa rửa mặt Olay Gentle Clean Foaming Cleanser 200ml hàng xách tay Chính Hãng Mỹ \r\n- Sữa rửa mặt với thiết kế nhẹ nhàng loại bỏ chất bẩn, dầu, và trang điểm. Không khô. Dưỡng ẩm không dầu giúp làn da giữ lại độ ẩm tự nhiên.\r\n- 100% không dầu, không xà phòng\r\n- 100% không mùi\r\n- Bác sĩ da liễu kiểm nghiệm\r\n- Sẽ không làm khô mặt như khi sử dụng xà phòng.\r\n- Tẩy trang hoàn toàn, ngay cả trang điểm mắt\r\n- Không gây kích ứng hoặc bị cay mắt như xà phòng\r\n- Rửa dễ dàng, để lại cảm giác tươi mát, mềm mại.\r\n- Phù hợp với da nhạy cảm, da bị mụn.', null, '55000000', null, '9000000', '2', '2017-05-28 10:57:04', '2017-06-24 00:16:25', '9', '100000', '20', '\0');
INSERT INTO `sanpham` VALUES ('195', '47', 'Dầu gội và dầu xả BIOTIN Collagen Thick', '450,000đ\r\n\r\nDầu gội và dầu xả BIOTIN Collagen Thick & Full Ogx hàng chính hãng \r\n Dầu gội Biotin & Collagen là sản phẩm nổi tiếng mang thương hiệu OGX Beauty xuất xứ Mỹ. \r\nTác dụng dầu gội Biotin & Collagen OGX\r\nBổ sung biotin và collagen giúp làm dày và ngăn rụng tóc, hỗ trợ mọc tóc\r\nCung cấp các dưỡng chất thấm sâu, phục hồi từ sâu bên trong sợi tóc\r\nNgăn ngừa lão hóa của tóc, giúp sợi tóc khỏe, sáng bóng mượt hơn nhiều lần\r\nBổ sung độ ẩm, tăng sự đàn hồi, dẻo dai của sợi tóc\r\nSản phẩm tự nhiên an toàn cho sức khỏe, đạt tiêu chuẩn của cục quản lí Thực phẩm và Dược phẩm Hoa Kỳ\r\nHương thơm nhẹ nhàng, phù hợp với mọi loại tóc', null, '29000000', null, '11000000', '9', '2017-05-30 10:57:13', '2017-06-24 00:16:25', '10', '100000', '37', '\0');
INSERT INTO `sanpham` VALUES ('196', '48', 'Face It Power Perfection BB Cream', '+ BB Cream “3 trong 1” (Chống nhăn, làm trắng da, bảo vệ da khỏi ánh nắng mặt trời) với độ che phủ hoàn hảo\r\n+ BB Cream dùng được cho mọi loại da (Các thành phần đặc biệt cho phép trẻ hoá làn da): chủ động giải quyết những vấn đề về da như da mất độ săn chắc, da khô, kết cấu da không đồng đều và da xỉn màu.\r\n+ Cung cấp độ che phủ hoàn hảo mà không bị dày lớp trang điểm.\r\n+ Mang lại cảm giác thoải mái, dễ chịu cho da\r\n+ Kết quả trang điểm tinh tế, lâu dài\r\n+ Kết cấu thoáng mát đến diệu kỳ:\r\n+ Kết cấu nhẹ như không khí tan chảy vào da khi sử ứng dụng làm cho da bạn cảm thấy thoải mái, dễ thở.\r\nSản phẩm có 2 tone: Tone sáng và tone tự nhiên.\r\nHướng Dẫn Sử Dụng: \r\nLàm sạch da mặt, thoa một lượng vừa đủ lên các vùng trên khuôn mặt và vỗ nhẹ cho dưỡng chất thẩm thấu vào da và giúp che đi khuyết điểm trên da, mang lại một làn da tự nhiên và mịn màng. \r\nCó thể sử dụng thêm phấn phủ để lớp che phủ hoàn hảo và mịn đẹp nhất khi trang điểm đi làm hay đi tiệc.\r\nThương hiệu: The Face Shop\r\nXuất xứ: Hàn Quốc\r\n\r\n390,000đ', null, '55000000', null, '9000000', '6', '2017-05-30 10:57:13', '2017-06-16 10:59:19', '5', '100000', '20', '\0');
INSERT INTO `sanpham` VALUES ('197', '49', 'Phấn nước April Skin Magic Snow Fixing Foundation hàng xách tay Hàn Quốc', 'Phấn nước April Skin Magic Snow Fixing Foundation hàng xách tay Hàn Quốc \r\n- Tạo lớp nền trong suốt ( nude makeup) , dưỡng ẩm tối đa.\r\n- Khắc phục tình trạng bị bông phấn khi đi ngoài trời nắng gắt\r\n- Có chỉ số chống nắng cực cao SPF 50+PA/+++ chống tia UV tối ưu.\r\n- Độ kiềm dầu tốt , phù hợp với các bạn da dầu hay da hỗn hợp đến da thường.\r\n- Kết cấu kem mềm mịn, mỏng giúp tăng khả năng bám trên da và không bị bết dính. Lớp nền mỏng nhẹ , thích hợp với kiểu trang điểm trong suốt.\r\n- Khả năng che phủ hoàn hảo giúp che phủ cực tốt các khuyết điểm trên da.', null, '55000000', null, '11000000', '3', '2017-05-28 10:57:04', '2017-06-24 00:16:25', '1', '100000', '37', '');
INSERT INTO `sanpham` VALUES ('198', '50', 'Bộ đôi dầu gội và dầu xả Innisfree chiết xuất trà xanh và Bạc Hà', '297,000đ\r\n\r\nBộ đôi dầu gội và dầu xả Innisfree chiết xuất trà xanh và Bạc Hà hàng xách tay Hàn Quốc\r\nDầu xả tóc Innisfree Green Tea Mint Fresh Scalp Conditioner có tác dụng nuôi dưỡng mái tóc từ gốc đến ngọn để tóc chắc khỏe, ngăn ngừa tóc đứt gãy do mất nước. Với công thức đặc chế để phục hồi tóc hư tổn bằng cách dưỡng ẩm và bảo vệ lớp biểu bì tóc giúp tóc mềm, mượt và không bị xơ rối', null, '29000000', null, '9000000', '3', '2017-05-30 10:57:13', '2017-06-24 00:16:25', '4', '100000', '20', '\0');
INSERT INTO `sanpham` VALUES ('199', '51', 'COCOCHOCO Original Brazilian Keratin Hair Treatment 33.8 oz  1000 ml', '\r\nCOCOCHOCO Điều trị tóc Keratin của Brazil là một quá trình tiên tiến làm chuyển đổi mái tóc của bạn sang một kiểu tóc thẳng, bóng mượt và bóng loáng.\r\n\r\n\r\n3.000.000 VNĐ', null, '55000000', null, '11000000', '1', '2017-05-28 10:57:04', '2017-06-16 10:59:19', '2', '100000', '20', '');
INSERT INTO `sanpham` VALUES ('200', '52', 'Clarins Double Serum 50 ml.1.6 oz.Bonus Size New in Retail Box', '1.700.000 VNĐ\r\n\r\n1.696.564 VNĐ1.696.564 VNĐ1.696.564 VNĐ1.696.564 VNĐ1.696.564 VNĐ1.696.564 VNĐ', null, '29000000', null, '9000000', '2', '2017-05-30 10:57:13', '2017-06-24 00:16:25', '9', '100000', '37', '\0');
INSERT INTO `sanpham` VALUES ('201', '53', 'Bộ cọ tán kem nền bàn chải Velvetines 6 cây', '360,000đ\r\n\r\nBộ cọ tán kem nền bàn chải Velvetines 6 cây\r\nHẳn là rất nhiều cô gái đã biết đến cọ Oval qua hàng loạt clip của các beauty blogger, cọ Oval trở thành trào lưu không chỉ nhờ thiết kế lạ mắt, đáng yêu mà còn nhờ sự tiện lợi và hiệu quả đem lại cực cao trên da!\r\n\"Săn lùng\" mãi shop mới tìm được bộ cọ Oval giá thật \"vừa tầm\" để chúng mình không \"làm đau\" cái ví, cọ của My Makeup Brush Set đến từ US với chất lượng \"đỉnh của đỉnh\"!\r\nCọ Oval (hay còn gọi là cọ \"bàn chải\") là những cây cọ có hình dáng như bàn chải, lông được sắp xếp đầy đặn, rất dày, bông và mịn. Đầu lông được làm bằng sợi tổng hợp, tay cầm chắc chắn, cho ra lớp nền mịn, đều, độ che phủ cao và làn da \"căng bóng', null, '29000000', null, '11000000', '9', '2017-05-28 10:57:04', '2017-06-24 00:16:25', '2', '100000', '20', '\0');
INSERT INTO `sanpham` VALUES ('202', '54', 'Viên uống bổ xương khớp Glucosamine Orihiro', '1,150,000đ\r\n\r\nViên uống bổ sương khớp Glucosamin thương hiệu Orihiro từ Nhật Bản\r\n- Với thành phần được chiết xuất trực tiếp từ tôm, cua biển, có bổ sung thêm Chondroitine & MSM có trong sụn vi cá mập công dụng làm chậm quá trình lão hóa của sụn khớp, tăng cương và tái tạo sụn khớp, giảm đau cho người bệnh xương khớp, tăng chất nhờn trong các khớp.\r\n- Bổ sung và tăng cường lượng canci để nuôi dưỡng sụn khớp, cải thiện khả năng hấp thụ canxi của sụn khớp\r\nGlucosamin Orihiro giúp bổ sung chất nhờn cho khớp, làm gia tăng độ nhờn và các hoạt dịch ở các khớp\r\n- Sản phẩm còn có công dụng làm giảm một phần hoặc cắt hẳn các cơn đau ở khớp đối với những bệnh nhân bệnh khớp mãn tính.\r\n- Chỉ định sử dụng viên uống Glucosamine Orihiro 1500mg như sau:\r\nCó thể sử dụng viên uống Glucosamin trong mọi thể của bệnh thoái hoá xương khớp, viêm khớp\r\nHư xương khớp, Hư đốt sống cổ, hư khớp háng, viêm khớp bán cấp và mãn tính;\r\nLoãng xương, chấn thương thể thao liên quan đến gân, sụn, dây chằng, bệnh gout', null, '29000000', null, '9000000', '1', '2017-05-30 10:57:13', '2017-06-24 00:16:25', '2', '100000', '37', '\0');
INSERT INTO `sanpham` VALUES ('203', '55', 'Phấn Hoa Mường Lò giảm cân đẹp da', '120,000đ\r\nPHẤN HOA - GIẢM CÂN\r\nNgoài những công dụng làm đẹp giống như Sữa ong chúa, nay phấn hoa sẽ giúp chị em có một vóc dáng cân đối, quyến rũ\r\nCùng tìm hiểu cách giảm cân với phấn hoa nhé!\r\nMật ong - phấn hoa sẽ đáp ứng đẩy đủ các yêu cầu của việc giảm béo vì:\r\n- Mật ong trung hòa dịch acid ở dạ dày làm hết cảm giác đói\r\n- Cung cấp năng lượng tức thì cho cơ thể vì đường của mật ong sẽ được cơ thể hấp thụ trực tiếp không qua tiêu hóa, tránh đượt mệt mỏi\r\n- Kích thích cơ thể, giải phóng, tiêu hóa mỡ tích trữ thành năng lượng\r\n- Tăng cường trao đổi chất, tác dụng đến toàn bộ cơ thể giúp con người tươi trẻm khỏe mạnh\r\n- Phối hợp với phấn hoa sẽ cung cấp đầy đủ các chất dinh dưỡng cho cơ thể, tránh suy nhược và phát sinh bệnh khác.\r\n\r\nCÁCH DÙNG\r\n- Trước hết hãy giảm bớt khẩu phần ăn (nhất là chất bột, chất béo, bánh kẹo..) tránh ăn vặt, ăn đểm .. dần dần đến mức có thể\r\n- Pha loãng 30-50 gr mật ong với 1 lít nước uống hàng ngày vào lúc đói, mệt mỏi, trước khi ăn 30 phút\r\n- Ăn thêm 10 - 15 gr phấn hoa / ngày để bổ sung dinh dưỡng cho cơ thể\r\n- Tăng cường vận động như: đi bộ, thể dục thể thao...', null, '55000000', null, '11000000', '8', '2017-05-28 10:57:04', '2017-06-16 10:59:19', '7', '100000', '37', '\0');
INSERT INTO `sanpham` VALUES ('204', '56', 'Nấm Linh Chi Sắt Lát', '750,000đ\r\n\r\nPhuc hồi nhanh người gầy ốm sau khi mổ, suy nhược cơ thể, chậm mọc tóc kếm ăn, khó tiêu hóa, da sần ở đàn bà và đàn ông, nám da ở phụ nữ...các bệnh phụ nữ mãn kinh.\r\n  giup ổn định và điều hòa huyết áp, giảm cholesteron, thải độc mát gan, chống dị ứng, chống ngộ độc trì, kim loại nặng, không đi tiểu đêm đối với người già, nâng cao khả năng miễn dịch cho người tiểu dduongf, ung thư. HIV....hãy gọi 0949503368 để được giao hàng miễn phí.', null, '29000000', null, '9000000', '9', '2017-05-30 10:57:13', '2017-06-24 00:16:25', '4', '100000', '20', '\0');
INSERT INTO `sanpham` VALUES ('205', '57', 'Bán bộ bàn ghế gỗ cam xe 6 món', '15,000,000đ\r\n\r\nBán bộ bàn ghế gỗ cam xe 6 món mới 100% giá 15 triệu, gồm\r\n3 ghế nhỏ: dài 80cm, rộng 60cm, cao 85cm\r\n1 bàn nhỏ: dài 60cm, rộng 60cm, cao 54cm', null, '29000000', null, '11000000', '5', '2017-05-28 10:57:04', '2017-06-16 10:59:19', '4', '100000', '20', '\0');
INSERT INTO `sanpham` VALUES ('206', '58', 'Giường tầng', ' 6,400,000đ \r\n\r\nGiường gỗ 2 tầng trẻ em có ngăn kéo K.Bed 192 là một trong những chiếc giường tầng hiện đại đạt tiêu chuẩn quốc tế để xuất khẩu. Với mẫu mã sang trọng, độ bền cao cùng với sự tinh tế giường tầng trẻ em gỗ thông K.Bed 192 giúp bạn tiết kiệm được tối đa không gian trong gia đình. Với thiết kế chuyên biệt khi người lớn ngồi vào giường tầng 1 sẽ không chạm đầu vào tầng trên. Đây là đặc điểm khác biệt so với các dòng sản phẩm giường tầng trẻ em khác.\r\n\r\nSản phẩm được làm từ gỗ thông cao cấp đã được xử lý chống mối mọt, cong vênh. Đặc biệt, mẫu giường tầng gỗ cho bé K.Bed 192 này còn có 4 ngăn kéo ở cầu thang rộng rãi thoải mái có thể cho bé đựng những đồ dùng cá nhân. Thiết kế lan can chắn an toàn khi bé nằm ngủ. Cầu thang đơn rộng rãi và vững chãi giúp bé lên xuống dễ dàng', null, '55000000', null, '9000000', '4', '2017-05-30 10:57:13', '2017-06-16 10:59:19', '1', '100000', '37', '');
INSERT INTO `sanpham` VALUES ('207', '59', 'Bàn ăn xếp gọn', '3,400,000đ\r\n\r\nBàn ăn xếp gọn 4 ghế Japan 30 x 85 x 74,5 cm ( Có 3 màu : tự nhiên, trắng, nâu đen )\r\n\r\nChất liệu bền đẹp, dễ vệ sinh\r\nBàn ăn xếp gọn 4 ghế Japan 30 x 85 x 74,5 cm (Nâu gỗ tự nhiên) được làm từ gỗ cao su tự nhiên bền đẹp, chắc chắn. Chất liệu gỗ đã được xử lý chống mối mọt, chống ẩm mốc và không có mùi khó chịu. Khả năng chịu lực cao, chịu được các va đập nên không bị biến dạng, cong vênh trong quá trình sử dụng.\r\n\r\nThiết kế độc đáo, tiện dụng\r\nKhi xếp lại, bàn có kích thước 30 x 85 x 74,5 cm nên có thể sử dụng như một chiếc tủ nhỏ trưng bày bình hoa, trái cây... Các góc bàn bo tròn đảm bảo an toàn cho người sử dụng.\r\n', null, '29000000', null, '9000000', '1', '2017-05-30 10:57:13', '2017-06-16 10:59:19', '9', '100000', '20', '\0');
INSERT INTO `sanpham` VALUES ('208', '60', 'Ghế xoay văn phòng Xuân Hoà hiện đại và đẳng cấp', '1,020,000đ\r\n\r\nGhế xoay văn phòng đang là sản phẩm mũi nhọn của các công ty nội thất. Với thiết kế sang trọng, giá cả cạnh tranh và rất phù hợp với không gian văn phòng, ghế xoay văn phòng Xuân Hòa ngày càng được tin dùng. Ghế xoay văn phòng Xuân Hòa GX-10-01 không phải là sản phẩm mới nhưng nó luôn được ưa chuộng trong những năm gần đây. Hãy đồng hành cùng chúng tôi để hiểu rõ hơn về sản phẩm này nhé!\r\n\r\nGhế xoay văn phòng Xuân Hòa GX-10-01\r\n     Ghế xoay văn phòng Xuân Hòa GX-10-01 được thiết kế hiện đại, kết cấu vững chắc. Quý khách sẽ hoàn toàn thỏa mái khi làm việc. Ghế có tay nhựa và tựa lưới cao cấp. Tay nhựa để bạn đặt tay lên thoải mái. Tựa bằng lưới thoáng mát, rất thích hợp cho những ngày hè nóng bức. Bạn sẽ hoàn toàn yên tâm khi ngồi ghế mà không lo bám dính mồ hôi hay bị nóng phần lưng. Đây chính là bước đột phá về công nghệ, đáp ứng được yêu cầu của công việc văn phòng.\r\nCần hơi điều chỉnh độ cao nhập khẩu có độ bền cao. Bạn có thể điều chỉnh chiều cao của ghế cho phù hợp để bạn cảm thấy ngồi thoải mái nhất. Có như vậy, bạn sẽ không còn phải ngồi trong tư thế khó chịu, giúp nâng cao chất lượng công việc văn phòng.\r\n     Ghế có bộ loso ngả tựa tăng độ êm của tựa ghế, bạn sẽ thấy thoải mái khi nghỉ ngay trên ghế. Cho dù bạn có nặng cân cũng đừng lo bị bật về phía sau ghế khi ngả lưng bởi bộ loso rất chắc chắn và chịu được lực nén lớn.\r\nVới 6 bánh xe di chuyển nhẹ nhàng, bạn có thể xoay ghế đi bất cứ chỗ nào hay đẩy chuyển vị trí cũng rất dễ dàng. Công việc văn phòng thường xuyên phải dùng đến tủ tài liệu, bạn có thể xoay chuyển đến tủ để lấy cất tài liệu một cách nhanh chóng. Ban có thể tham khảo thêm một vào mẫu ghế văn phòng đang được sử dụng khá nhiều trong các văn phòng lớn như ghế xoay văn phòng Xuân Hòa GX-10-00:', null, '55000000', null, '11000000', '4', '2017-05-28 10:57:04', '2017-06-24 00:16:25', '2', '100000', '37', '');
INSERT INTO `sanpham` VALUES ('209', '61', 'Mẫu tủ tài liệu được đánh giá cao 2017', '2,000,000đ\r\n\r\n Tủ tài liệu giá rẻ Xuân Hòa nhiều kích thước, kiểu dáng và chất liệu được bảo hành chính hãng 12 tháng khi mua hàng trực tiếp tại văn phòng 193 Cầu Diễn hoặc liên hệ đặt hàng 0961070767.\r\n      Tủ tài liệu giá rẻ là vật dụng thiết yếu cần phải có trong không gian làm việc của hầu hết các văn phòng. Ngày nay, mặc dù dữ liệu đã được mã hóa và lưu trữ trong máy tính nhưng những hồ sơ, tài liệu bằng giấy vẫn chiếm vai trò quan trọng. Đây là một trong những lý do vì sao tủ tài liệu vẫn rất gần gũi và thân quen đối với chúng ta.  \r\nĐánh giá được tầm quan trọng của tủ tài liệu đối với đời sống đặc biệt là trong các văn phòng, Nội thất Xuân Hòa đã cho ra đời các dòng tủ với sự phong phú, đa dạng về chất liệu, kiểu dáng cũng như màu sắc. Hiện nay, các mẫu tủ có hai khoang đang được sử dụng khá phổ biến bởi sự phù hợp về kích thước cũng như mẫu mã. Về độ sâu, nhằm giúp cho việc cất giữ và lấy các tài liệu khi cần một cách nhanh chóng, tủ được thiết kế với độ sâu tối thiểu là 400mm điển hình như dòng tủ gỗ văn phòng TG-14-00, TG-14-01. Qua một quá trình nghiên cứu, Xuân Hòa đã tạo nên sự phá cách khi kết hợp thêm chất liệu kính vào sản xuất sản phẩm. Chất liệu kính sẽ khiến cho sản phẩm tủ tài liệu trở nên hiện đại hơn, thanh thoát hơn, ngoài ra khi dùng kính làm cánh tủ, việc quan sát, tìm kiếm tài liệu cũng trở nên dễ dàng hơn rất nhiều. Thường với dòng tủ hai khoang, tủ sẽ được chia ra là hai phần, phần trên sẽ sử dụng cánh kính và phần dưới là những cánh bằng thép hay gỗ đặc có khóa đảm bảo an toàn. Tủ tài liệu bằng chất liệu gỗ được làm từ gỗ melamine chống thấm nước và chống xước, thân thiện và gần gũi trong khi đó tủ sắt lại mang đến sự hiện đại, trẻ trung. Các chi tiết của tủ được gia cố cẩn thận, đảm bảo trong quá trình sử dụng cho khách hàng.      \r\n      Xuân Hòa nằm trong top 3 công ty sản xuất nội thất hàng đầu tại Việt Nam với đa dạng sản phẩm, đặc biệt không thể bỏ qua là dòng tủ tài liệu văn phòng. Sản phẩm đã được khẳng định bởi người tiêu dùng và đang là lựa chọn của rất nhiều doanh nghiệp lớn nhỏ. Đặt lợi ích và sự hài lòng của khách hàng lên hàng đầu đã khiến Xuân Hòa có được chỗ đứng vững chắc trên thị trường như ngày hôm nay -và đây sẽ mãi là phương châm, mục đích kinh doanh của Nội thất Xuân Hòa. \r\n', null, '29000000', null, '11000000', '7', '2017-05-30 10:57:13', '2017-06-16 10:59:19', '3', '100000', '20', '');
INSERT INTO `sanpham` VALUES ('210', '62', 'Giày đá bóng nam Adidas ACE 16.3 PRIMEMESH TF FOOTWEAR AQ3432', '3.359.000 VND\r\n\r\nChất liệu cao cấp\r\nThiết kế thời trang\r\nĐộ bền cao\r\nHàng chính hãng\r\n\r\ndidas ltd AG là một nhà sản xuất dụng cụ thể thao của Đức, một thành viên của adidas Group, bao gồm cả công ty dụng cụ thể thao Reebok, công ty golf Taylormade, công ty sản xuất bóng golf Maxfli và adidas golf. Công ty được đặt theo tên của người sáng lập, Adolf (Adi) Dassler, năm 1948. Dassler đã sản xuất giày từ năm 1920 tại Herzogenaurach, gần Nürnberg, với sự giúp đỡ của anh trai Rudolf Dassler, người sáng lập công ty giày Puma. Công ty adidas được đăng ký nhãn hiệu là adidas AG vào ngày 18 tháng 8 1949. Công ty TNHH GlassDigital (ULA.vn) hiện đang phân phối các sản phẩm chính hãng của adidas. Những thiết kế quần áo và giày của công ty biểu tượng cho ba sọc kẻ chéo song song, họa tiết tương tự đã được đưa vào logo chính thức của công ty.\r\n\r\nĐẶC ĐIỂM NỔI BẬT\r\n image Chất liệu cao cấp, thoáng khí cả mặt trong và mặt ngoài giúp bạn luôn dễ chịu và thoải mái dù mang trong thời gian dài\r\n\r\nimage Đường may vô cùng tỉ mỉ, chắc chắn giúp bạn hoàn toàn an tâm về chất lượng sản phẩm\r\n\r\nimage Màu sắc trang nhã, phong cách hiện đại sẽ góp phần khẳng định phong cách thời trang của bạn\r\nLogo thương hiệu được bố trí nổi bật trên sản phẩm.', null, '29000000', null, '9000000', '5', '2017-05-30 10:57:13', '2017-06-24 00:16:25', '9', '100000', '37', '');
INSERT INTO `sanpham` VALUES ('211', '62', 'Giày đá bóng nam Adidas ACE 17.3 PRIMEMESH TF BB0861', '3.219.000 VND\r\n\r\nChất liệu cao cấp\r\nThiết kế thời trang\r\nĐộ bền cao\r\nHàng chính hãng\r\n\r\nAdidas ltd AG là một nhà sản xuất dụng cụ thể thao của Đức, một thành viên của adidas Group, bao gồm cả công ty dụng cụ thể thao Reebok, công ty golf Taylormade, công ty sản xuất bóng golf Maxfli và adidas golf. Công ty được đặt theo tên của người sáng lập, Adolf (Adi) Dassler, năm 1948. Dassler đã sản xuất giày từ năm 1920 tại Herzogenaurach, gần Nürnberg, với sự giúp đỡ của anh trai Rudolf Dassler, người sáng lập công ty giày Puma. Công ty adidas được đăng ký nhãn hiệu là adidas AG vào ngày 18 tháng 8 1949. Công ty TNHH GlassDigital (ULA.vn) hiện đang phân phối các sản phẩm chính hãng của adidas. Những thiết kế quần áo và giày của công ty biểu tượng cho ba sọc kẻ chéo song song, họa tiết tương tự đã được đưa vào logo chính thức của công ty.\r\n\r\nĐẶC ĐIỂM NỔI BẬT\r\n image Chất liệu cao cấp, thoáng khí cả mặt trong và mặt ngoài giúp bạn luôn dễ chịu và thoải mái dù mang trong thời gian dài\r\n\r\nimage Đường may vô cùng tỉ mỉ, chắc chắn giúp bạn hoàn toàn an tâm về chất lượng sản phẩm\r\n\r\nimage Màu sắc trang nhã, phong cách hiện đại sẽ góp phần khẳng định phong cách thời trang của bạn\r\nLogo thương hiệu được bố trí nổi bật trên sản phẩm.\r\n', null, '29000000', null, '11000000', '9', '2017-05-30 10:57:13', '2017-06-24 00:16:25', '10', '100000', '20', '\0');
INSERT INTO `sanpham` VALUES ('212', '62', 'Giày thể thao nam Nike Tiempo Genio Leather II (TF) 819216-010', '2.949.000 VND\r\n\r\nChất liệu cao cấp\r\nĐường may chi tiết\r\nThiết kế tinh tế và thời trang\r\n\r\nĐược thành lập năm 1978 dưới bàn tay tài hoa của hai nhà thiết kế Bill Bowerman and Philip Knight, Nike được biết đến là nhà cung cấp quần áo, giày dép và dụng cụ thể thao hàng đầu trên thế giới. Nét đặc sắc của thương hiệu được thể hiện qua slogan “Just do it” với các thiết kế mang tính đầu tư nghiên cứu cao, phù hợp với nhu cầu của người tiêu dùng về chất lượng mẫu mã và mục đích sử dụng. Tất cả các thiết kế của Nike đều cập nhật những màu sắc và xu hướng mới nhất.. Nike khẳng định thương hiệu của mình qua việc sử dụng các chất liệu cao cấp, được thông qua các quy trình sản xuất và kiểm định nghiêm ngặt.\r\n\r\nĐẶC ĐIỂM NỔI BẬT\r\n image Chất liệu cao cấp, thoáng khí cả mặt trong và mặt ngoài giúp bạn luôn dễ chịu và thoải mái dù mang trong thời gian dài\r\n\r\nimage Đường may vô cùng tỉ mỉ, chắc chắn giúp bạn hoàn toàn an tâm về chất lượng sản phẩm\r\n\r\nimage Màu sắc trang nhã, phong cách hiện đại sẽ góp phần khẳng định phong cách thời trang của bạn\r\nLogo thương hiệu được bố trí nổi bật trên sản phẩm.', null, '29000000', null, '9000000', '1', '2017-05-30 10:57:13', '2017-06-16 10:59:19', '2', '100000', '37', '');
INSERT INTO `sanpham` VALUES ('213', '63', 'Áo thun bóng đá nam Adidas MUFC H JSY JERSEY AI6720', '2.649.000 VND\r\n\r\nChất liệu cao cấp\r\nThiết kế thời trang\r\nĐộ bền cao\r\nHàng chính hãng\r\n\r\nAdidas ltd AG là một nhà sản xuất dụng cụ thể thao của Đức, một thành viên của adidas Group, bao gồm cả công ty dụng cụ thể thao Reebok, công ty golf Taylormade, công ty sản xuất bóng golf Maxfli và adidas golf. Công ty được đặt theo tên của người sáng lập, Adolf (Adi) Dassler, năm 1948. Dassler đã sản xuất giày từ năm 1920 tại Herzogenaurach, gần Nürnberg, với sự giúp đỡ của anh trai Rudolf Dassler, người sáng lập công ty giày Puma. Công ty adidas được đăng ký nhãn hiệu là adidas AG vào ngày 18 tháng 8 1949. Công ty TNHH GlassDigital (ULA.vn) hiện đang phân phối các sản phẩm chính hãng của adidas. Những thiết kế quần áo và giày của công ty biểu tượng cho ba sọc kẻ chéo song song, họa tiết tương tự đã được đưa vào logo chính thức của công ty.\r\n\r\nĐẶC ĐIỂM NỔI BẬT\r\n image Chất liệu cao cấp, thoáng khí cả mặt trong và mặt ngoài giúp bạn luôn dễ chịu và thoải mái dù mang trong thời gian dài\r\n\r\nimage Đường may vô cùng tỉ mỉ, chắc chắn giúp bạn hoàn toàn an tâm về chất lượng sản phẩm\r\n\r\nimage Màu sắc trang nhã, phong cách hiện đại sẽ góp phần khẳng định phong cách thời trang của bạn\r\nLogo thương hiệu được bố trí nổi bật trên sản phẩm.\r\n', null, '55000000', null, '11000000', '2', '2017-05-28 10:57:04', '2017-06-24 00:16:25', '7', '100000', '37', '\0');
INSERT INTO `sanpham` VALUES ('214', '63', 'Áo thun bóng đá nam Adidas RS LS M AA6922', '1.089.000 VND\r\n\r\nChất liệu cao cấp\r\nThiết kế thời trang\r\nĐộ bền cao\r\nHàng chính hãng\r\n\r\nAdidas ltd AG là một nhà sản xuất dụng cụ thể thao của Đức, một thành viên của adidas Group, bao gồm cả công ty dụng cụ thể thao Reebok, công ty golf Taylormade, công ty sản xuất bóng golf Maxfli và adidas golf. Công ty được đặt theo tên của người sáng lập, Adolf (Adi) Dassler, năm 1948. Dassler đã sản xuất giày từ năm 1920 tại Herzogenaurach, gần Nürnberg, với sự giúp đỡ của anh trai Rudolf Dassler, người sáng lập công ty giày Puma. Công ty adidas được đăng ký nhãn hiệu là adidas AG vào ngày 18 tháng 8 1949. Công ty TNHH GlassDigital (ULA.vn) hiện đang phân phối các sản phẩm chính hãng của adidas. Những thiết kế quần áo và giày của công ty biểu tượng cho ba sọc kẻ chéo song song, họa tiết tương tự đã được đưa vào logo chính thức của công ty.\r\n ĐẶC ĐIỂM NỔI BẬT\r\n image Chất liệu cao cấp, thoáng khí cả mặt trong và mặt ngoài giúp bạn luôn dễ chịu và thoải mái dù mang trong thời gian dài\r\n\r\nimage Đường may vô cùng tỉ mỉ, chắc chắn giúp bạn hoàn toàn an tâm về chất lượng sản phẩm\r\n\r\nimage Màu sắc trang nhã, phong cách hiện đại sẽ góp phần khẳng định phong cách thời trang của bạn\r\nLogo thương hiệu được bố trí nổi bật trên sản phẩm.', null, '29000000', null, '9000000', '4', '2017-05-30 10:57:13', '2017-06-16 10:59:19', '9', '100000', '37', '');
INSERT INTO `sanpham` VALUES ('215', '64', 'Bóng đá Adidas TANGO ALLAROUND AZ5191', 'Chất liệu cao cấp\r\nThiết kế thời trang\r\nĐộ bền cao\r\nHàng chính hãng\r\n\r\n939.000 VND\r\n\r\nAdidas ltd AG là một nhà sản xuất dụng cụ thể thao của Đức, một thành viên của adidas Group, bao gồm cả công ty dụng cụ thể thao Reebok, công ty golf Taylormade, công ty sản xuất bóng golf Maxfli và adidas golf. Công ty được đặt theo tên của người sáng lập, Adolf (Adi) Dassler, năm 1948. Dassler đã sản xuất giày từ năm 1920 tại Herzogenaurach, gần Nürnberg, với sự giúp đỡ của anh trai Rudolf Dassler, người sáng lập công ty giày Puma. Công ty adidas được đăng ký nhãn hiệu là adidas AG vào ngày 18 tháng 8 1949. Công ty TNHH GlassDigital (ULA.vn) hiện đang phân phối các sản phẩm chính hãng của adidas. Những thiết kế quần áo và giày của công ty biểu tượng cho ba sọc kẻ chéo song song, họa tiết tương tự đã được đưa vào logo chính thức của công ty.\r\n\r\nĐẶC ĐIỂM NỔI BẬT\r\n image Chất liệu cao cấp, thoáng khí cả mặt trong và mặt ngoài giúp bạn luôn dễ chịu và thoải mái dù mang trong thời gian dài\r\n\r\nimage Đường may vô cùng tỉ mỉ, chắc chắn giúp bạn hoàn toàn an tâm về chất lượng sản phẩm\r\n\r\nimage Màu sắc trang nhã, phong cách hiện đại sẽ góp phần khẳng định phong cách thời trang của bạn\r\nLogo thương hiệu được bố trí nổi bật trên sản phẩm.', null, '55000000', null, '11000000', '9', '2017-05-30 10:57:13', '2017-06-16 10:59:19', '8', '100000', '37', '\0');
INSERT INTO `sanpham` VALUES ('216', '64', 'Qủa bóng đá thi đấu Động Lực Pro Step', 'UHV207 Pro Step là bóng thi đấu chính thức quốc tế và giải vô địch quốc gia Việt Nam 2016 – 2018 tại Việt Nam\r\nBóng UHV 207 Pro Step được làm từ chất PU cao cấp, có độ bền cao, độ nảy cực chuẩn\r\nBóng đạt tiêu chuẩn của FIFA QUALITY PRO với thiết kế đơn giản nhưng vẫn rất mạnh mẽ\r\nBóng có cấu tạo nhiều lớp, ruột làm bằng cao su cao cấp, giữ hơi tốt\r\nBóng có phù hợp với nhiều loại sân như sân cỏ thường, sân cỏ nhân tạo\r\nĐặc biệt, Bóng không bị thấm nước khi trời mưa\r\n\r\n1.510.500 VND\r\n\r\nUHV2.07 Pro Step là bóng thi đấu chính thức quốc tế và giải vô địch quốc gia Việt Nam 2016 – 2018 tại Việt Nam.\r\nBóng UHV 2.07 Pro Step được làm từ chất PU cao cấp, có độ bền cao, độ nảy cực chuẩn.\r\nBóng đạt tiêu chuẩn của FIFA QUALITY PRO với thiết kế đơn giản nhưng vẫn rất mạnh mẽ.\r\nBóng có cấu tạo nhiều lớp, ruột làm bằng cao su cao cấp, giữ hơi tốt.\r\nBóng có phù hợp với nhiều loại sân như sân cỏ thường, sân cỏ nhân tạo...\r\nĐặc biệt, Bóng không bị thấm nước khi trời mưa.', null, '29000000', null, '11000000', '1', '2017-05-28 10:57:04', '2017-06-24 00:16:25', '3', '100000', '20', '');
INSERT INTO `sanpham` VALUES ('217', '65', 'Vợt Tennis Babolat Pure Aero Lite', 'Trọng lượng: 270 gram\r\nKích cỡ: 100 inch\r\nAn toàn sử dụng\r\nĐộ bền cao\r\n3.770.000 VND\r\n\r\nVợt Tennis Babolat Pure Aero Lite là:\r\n\r\nMột lựa chọn tuyệt vời cho những ai muốn chơi lối chơi đặc biệt của Pure Aero tiêu chuẩn nhưng trong một gói sử dụng nhẹ hơn, nhiều hơn. Mới bắt đầu và người chơi trung gian sẽ đánh giá cao này vợt xử lý nhanh chóng và giao hàng chính xác. Nó cũng khá thoải mái.\r\nNhờ công nghệ spin FSI, Pure Aero Lite có khoảng cách rộng giữa các chữ thập (cho thêm cắn) cùng với lỗ grommet lớn hơn (để tăng chuyển động dây và một \"snapback\" mạnh hơn). Kết quả là một cây vợt mà đặt một tay nắm rất chặt chẽ vào bóng trước khi chụp nó ra khỏi stringbed nạp với spin.\r\nTừ đường cơ sở Pure Aero Lite cung cấp ổn định và thoải mái ấn tượng với trọng lượng nhẹ của nó.\r\nViệc nhanh chóng Aeromodular² chùm lát qua không khí với dễ dàng vượt trội, và những cảm nhận cực nhanh nên làm cho nó dễ dàng cho người chơi ít tiên tiến để tạo ra tốc độ đột quỵ cần thiết cho tốc độ hiệu quả và spin.\r\nTại net tốc độ của vợt này là một tài sản trên sàn giao dịch nhanh chóng và volley phản ứng.\r\nTrọng lượng nhẹ cũng giúp trên tờ khai dịch vụ thanh nơi này đến xung quanh nhanh chóng và mang lại một quả bóng rất chính xác.\r\nVới sự ổn định trên mức trung bình và thoải mái ấn tượng, Pure Aero Lite là phải giới thiệu cho bất kỳ người chơi muốn dễ dàng truy cập đến tốc độ và spin.\r\n\r\nMức lực: Trung bình\r\nKích cỡ đầu vợt: 100 inch\r\nTrọng lượng: 270 gram\r\nĐiểm cân bằng: 330 mm\r\nChiều dài: 27 inch\r\nMật độ căng dây: 16x19\r\nĐộ căng dây: 23kg- 27kg', null, '29000000', null, '9000000', '1', '2017-05-30 10:57:13', '2017-06-16 10:59:19', '8', '100000', '37', '\0');
INSERT INTO `sanpham` VALUES ('218', '65', 'Vợt tennis NADAL JR 26', 'Chất liệu cao cấp\r\nThiết kế thời trang\r\nHàng chính hãng\r\n1.219.000 VND', null, '29000000', null, '11000000', '4', '2017-05-28 10:57:04', '2017-06-24 00:16:25', '2', '100000', '20', '\0');
INSERT INTO `sanpham` VALUES ('219', '65', 'Vợt tennis trợ lực HEAD - Pwr Instinct - 115 - 225g', 'Dòng vợt trợ lực\r\nThiết kế tinh xảo\r\nKiểu dáng sang trọng\r\nĐem đến những cú đánh êm ái ở tốc độ cao..\r\n3.500.000 VND', null, '55000000', null, '9000000', '7', '2017-05-28 10:57:04', '2017-06-24 00:16:25', '4', '100000', '37', '\0');
INSERT INTO `sanpham` VALUES ('220', '65', 'Vợt Tennis Wilson BLADE 98L 2017', '4.399.000 VND\r\n\r\nKích cỡ mặt vợt: 98inch/ 632cm\r\nTrọng lượng (chưa dây): 10.1 oz / 285 g\r\nMức độ trợ lực:  32cm/ 4pts HL \r\nMật độ dây: 16 x 19\r\nĐộ căng dây: 49-59 lbs / 22-27kg\r\n\r\nVợt được thiết kế với các công nghệ mới  Braided Graphite + Basalt, Parallel Drilling , X2 Ergo, khung vợt nhẹ tạo ra cú đánh nhiều sức mạnh và kiểm soát tốt, độ linh hoạt cao.\r\n\r\nPhiên bản mới nhất BLADE 2017 \r\n\r\n ✔ Thiết kế mới màu đen xanh, lo go in laze nổi bật\r\n ✔ Công nghệ Parallel Drilling đem lại độ êm tay khi chạm bóng \r\n ✔ Được trang bị vật liệu Countervail - Triệt tiêu lực đối kháng sẽ giúp làm giảm bớt những tác động xấu của cây vợt tới người đánh xuống mức thấp nhất, nhận được mức độ rung ít hơn tới 30%, giảm bớt 10% độ mỏi, tăng độ kiểm soát bóng trong những cú đánh lên tới 40%.\r\n\r\nThông tin về Wilson:\r\n\r\nWilson tiền thân là Công ty thịt Wilson & Co. đã tách ra một công ty con để sản xuất thiết bị thể thao (tennis, bóng rổ, bóng chày, …) vào năm 1913, có trụ sở tại Chicago, Hoa Kỳ. Trải qua hơn 100 năm, Wilson đã không ngừng cải tiến, dẫn đầu công nghệ và cho ra đời những sản phẩm có chất lượng cao. ', null, '29000000', null, '11000000', '1', '2017-05-28 10:57:04', '2017-06-16 10:59:19', '2', '100000', '20', '\0');
INSERT INTO `sanpham` VALUES ('221', '66', 'Giày Tennis Adidas Barricade Court AF6783', 'Chất liệu Được làm bằng chất liệu da tổng hợp kết hợp với lớp lưới làm tối đa hóa độ thông thoáng và độ ẩm\r\nĐế ngoài Sử dụng công nghệ Adiwear6 bằng lớp cao su chống mài mòn tăng độ bền cho đế\r\nĐế giữa Sử dụng công nghệ Adiprene + Đế kiểu EVA, lớp đệm chèn làm tăng lực đẩy mang lại hiệu quả cao trong từng bước di chuyển\r\n\r\n1.795.000 VND\r\n\r\nGiầy Tennis Adidas Barricade Court 2 AF6783\r\nGiầy Tennis Adidas Barricade Court 2 AF6783 tiếp tục là mẫu giầy được thiết kế chắc chắn và tạo cảm giác thoải cho người chơi. Giầy có đặc điểm nổi bật là bền với toàn bộ giầy được làm bằng chất liệu da mới làm tăng độ thông thoáng kết hợp với sử dụng công nghệ Adiprene và lớp đệm làm tăng độ êm, hỗ trợ tối đa. Phần đế được sử dụng công nghệ Adiwear6 tạo một khối màu đầy phong cách. Điểm nổi bật nữa của đôi giầy này là trọng lượng siêu nhẹ tạo sự thoải mái trên từng bước chân.\r\nGiầy Tennis Adidas Barricade Court 2 AF6783 có một số đặc điểm nổi bật:\r\nChất liệu: Được làm bằng chất liệu da tổng hợp kết hợp với lớp lưới làm tối đa hóa độ thông thoáng và độ ẩm\r\nĐế ngoài: Sử dụng công nghệ Adiwear6 bằng lớp cao su chống mài mòn tăng độ bền cho đế.\r\nĐế giữa: Sử dụng công nghệ Adiprene + Đế kiểu EVA, lớp đệm chèn làm tăng lực đẩy mang lại hiệu quả cao trong từng bước di chuyển.', null, '29000000', null, '9000000', '8', '2017-05-30 10:57:13', '2017-06-24 00:16:25', '1', '100000', '37', '\0');
INSERT INTO `sanpham` VALUES ('222', '66', 'Giày tennis Nexgen NX-16187', '569.000 VND\r\n\r\nChất liệu cao cấp\r\nKiểu dáng thời trang\r\nMang tạo sự thoải mái\r\n\r\n\r\nỞ phiên bản này, Nexgen trang bị một hệ thống hỗ trợ phần giữa bàn chân và đệm gót giúp chân vững chãi và không bị lật ngay cả khi di chuyển đổi hướng bất ngờ. Gót chân cũng sẽ cảm thấy độ êm ái với miếng lót ôm lấy gan bàn chân.\r\nGiày Nexgen  NX16187 hội tụ đầy đủ các tiêu chí dưới đây:\r\nChất liệu da PU tổng hợp ở phần mặt trên của giầy được đục lỗ tạo cảm giác thoáng mát, ở 2 bên cùng phần cổ chân được tăng cường lớp đệm.\r\nMũi giày có tác dụng bảo vệ ngón chân khi di chuyển miết mũi chân xuống mặt sân. Giày rất mềm nên có thể cảm thấy tự nhiên ngay trong lần xỏ giày ra sân đầu tiên.\r\nĐế giầy được làm bằng chất liệu cao su , thiết kết với các rãnh xương cá chống trơn trượt và ặc bệt là độ bám san tốt.', null, '29000000', null, '11000000', '4', '2017-05-28 10:57:04', '2017-06-16 10:59:19', '7', '100000', '37', '\0');
INSERT INTO `sanpham` VALUES ('223', '66', 'Giày Tennis Nike VAPOR COURT 631713-104', 'Chất liệu da tổng hợp ở phần mặt trên của giầy được đục lỗ tạo cảm giác thoáng mát; ở 2\r\nbên cùng phần cổ chân được tăng cường lớp đệm.\r\nChất liệu Phylon cấu tạo nên phần đệm cho sản phẩm; công nghệ Dynamic fit ở lớp đệm\r\ncùng thiết kế ôm vừa vặn.\r\nĐế giầy được làm bằng chất liệu cao su ; thiết kết với các rãnh xương cá chống trơn trượt.\r\n\r\n\r\n\r\n1.368.900 VND\r\n\r\nChất liệu da tổng hợp ở phần mặt trên của giầy được đục lỗ tạo cảm giác thoáng mát, ở 2\r\n\r\nbên cùng phần cổ chân được tăng cường lớp đệm.\r\n\r\n\r\nChất liệu Phylon cấu tạo nên phần đệm cho sản phẩm, công nghệ Dynamic fit ở lớp đệm\r\n\r\ncùng thiết kế ôm vừa vặn.\r\n\r\nĐế giầy được làm bằng chất liệu cao su , thiết kết với các rãnh xương cá chống trơn trượt.', null, '55000000', null, '9000000', '1', '2017-05-30 10:57:13', '2017-06-24 00:16:25', '3', '100000', '37', '\0');
INSERT INTO `sanpham` VALUES ('224', '66', 'Giày thể thao Tennis Adidas Adizero Attack BA9083', '1.395.000 VND\r\n\r\nChất lượng đảm bảo, hàng chính hãng Adidas (Đức).\r\nChất liệu: Được làm bằng chất liệu da tổng hợp, trên bề mặt giầy có nhiều lỗ nhỏ tạo sự thông thoáng.\r\nPhần gót chân được làm theo khuôn hình chân tự nhiện góp phần làm tăng sự ổn định và tự tin\r\nĐế giầy được làm bởi hợp chất cao su chịu mài mòn với các rãnh sâu giúp chống trơn trượt cùng rãnh ở giữa giầy giúp gia tăng sự ổn định.\r\nCó các lỗ thoáng khí và thoát mồ hôi giúp người dùng luôn cảm thấy thoải mái khi sử dụng.\r\nĐế ngoài: Sử dụng công nghệ Adiwear bằng lớp cao su chống mài mòn tăng độ bền cho đế.\r\nĐế giữa: Sử dụng lớp đệm Eva chèn làm tăng lực đẩy mang lại hiệu quả cao trong từng bước di chuyển.\r\nPhù hợp với mọi địa hình sân chơi.\r\nLogo thương hiệu được thiết kế nổi bật.\r\nSản xuất: Việt Nam.\r\n', null, '29000000', null, '9000000', '9', '2017-05-30 10:57:13', '2017-06-16 10:59:19', '8', '100000', '20', '\0');
INSERT INTO `sanpham` VALUES ('225', '68', 'Bộ 2 quần bơi cho bé trai từ 7-11 tuổi', 'Đẹp 89.000 VND', null, '29000000', null, '9000000', '4', '2017-05-28 10:57:04', '2017-06-24 00:16:25', '2', '100000', '37', '\0');
INSERT INTO `sanpham` VALUES ('226', '69', 'Áo bơi chống tia UV cho bé gái Gosweaty LITOP09', '390.000 VND\r\n\r\nChỉ số chống nắng UPF 50+ giúp ngăn 95% tia cực tím khi trẻ hoạt động dưới nắng theo (AS/NZS 4399- 1996)\r\nVải co dãn 4 chiều giúp trẻ vận động thoải mái và ngoài ra còn ngăn trẻ bị cắn bởi sứa và bọ biển\r\nĐộ bền Clo cao giúp kéo dài tuổi thọ sản phẩm.\r\nTính chất nhanh khô giúp trẻ không mất nhiệt sau khi ra khỏi nước.\r\nSản phẩm của Gosweaty, 100% sản xuất tại Việt Nam từ vải, in, may, đóng gói.\r\n Sản phẩm sẽ bó sát với cơ thể vì vậy nên đo vòng ngực của trẻ để xác định chính xác size của sản phẩm.', null, '55000000', null, '11000000', '1', '2017-05-30 10:57:13', '2017-06-24 00:16:25', '6', '100000', '37', '\0');
INSERT INTO `sanpham` VALUES ('227', '70', 'Kính bơi Speedo 8-10676B094 Fastskin Prime Goggle Mirror', '1.789.000 VND\r\n\r\nChất liệu cao cấp\r\nThiết kế thời trang\r\nNhà sản xuất và phân phối nổi tiếng về trang phục và phụ kiện bơi lội Speedo International Ltd. được thành lập bởi Alexander MacRae vào năm 1914 khi ông mở nhà máy đan len tại Sydney. Năm 1928, MacRae cho ra mắt bộ sưu tập đầu tiên cho môn thể thao bơi lội với khẩu hiệu “ Speed on in your Speedo’s”. Thương hiệu Speedo ra đời từ đó. Công ty TNHH GlassDigital (ULA.vn) hiện đang phân phối các sản phẩm chính hãng của Speedo. Trải qua nhiều năm nghiên cứu và phát triển theo xu hướng thời trang thế giới cũng như nguyên lý cơ học của các vận động viên bơi lội, Speedo đã khẳng định được thương hiệu và vị trí số 1 của mình trong lĩnh vực đồ bơi.', null, '29000000', null, '9000000', '6', '2017-05-30 10:57:13', '2017-06-16 10:59:19', '2', '100000', '37', '\0');
INSERT INTO `sanpham` VALUES ('228', '70', 'Kính bơi thể thao Speedo 8-104392627 Futura Biofuse Pro', 'Chất liệu cao cấp\r\nThiết kế thời trang\r\nĐường may tỉ mỉ; chi tiết\r\nHàng chính hãng\r\n\r\n909.000 VND\r\n\r\nNhà sản xuất và phân phối nổi tiếng về trang phục và phụ kiện bơi lội Speedo International Ltd. được thành lập bởi Alexander MacRae vào năm 1914 khi ông mở nhà máy đan len tại Sydney. Năm 1928, MacRae cho ra mắt bộ sưu tập đầu tiên cho môn thể thao bơi lội với khẩu hiệu “ Speed on in your Speedo’s”. Thương hiệu Speedo ra đời từ đó. Công ty TNHH GlassDigital (ULA.vn) hiện đang phân phối các sản phẩm chính hãng của Speedo. Trải qua nhiều năm nghiên cứu và phát triển theo xu hướng thời trang thế giới cũng như nguyên lý cơ học của các vận động viên bơi lội, Speedo đã khẳng định được thương hiệu và vị trí số 1 của mình trong lĩnh vực đồ bơi. CÔNG NGHỆ BioFUSE\r\n- Roong chống nước siêu mềm để tăng cường sự thoải mái.\r\n- Khuôn kính uyển chuyển để thích ứng với khuôn mặt của bạn.\r\n- Cho dù bạn tập luyện hay chỉ để vui đùa, chúng tôi hiểu tầm quan trọng của sự thoải mái. Đó là lý do tại sao chúng tôi đã liên tục nghiên cứu và tìm tòi để phát minh ra công nghệ kính mới mà đặt sự thoải mái lên ưu tiên hàng đầu.\r\n\r\nKết quả ra đời là dòng Speedo BioFUSE, môt công nghệ kính bơi độc nhất được thiết kế để tạo nên một trải nghiệm khó quên, đến nỗi bạn có thể quên mất rằng mình đang đeo kính bơi. Với vật liệu linh hoạt để dễ dàng thích ứng với khuôn mặt của bạn, tạo nên cảm giác êm ái khó tả khi sử dụng.\r\nRoong chống nước siêu êm\r\n\r\nMỗi khuôn mặt có cấu trúc khác nhau, do đó, kính bơi Speedo BioFUSE được thiết kế với roong chống nước dày hơn và mềm mại hơn các dòng kính bơi khác, giúp cho kính dễ dàng ôm sát và thích ứng với từng đường nét của mắt bạn.\r\n\r\nLinh hoạt & uyển chuyển\r\n\r\nĐược làm từ vật liệu mềm như gel để tăng cường sự thoải mái, kính bơi Speedo BioFUSE nhẹ nhàng phủ xung quanh khuôn mặt và mũi của bạn để tạo nên độ ôm sát vừa đủ. Viền trong của roong chống nước linh hoạt ôm theo đường nét khuôn mặt bạn, trong khi lớp roong ngoài cùng lại mềm như một lớp gel mềm để bám sát bề mặt giúp bạn có được sự thoải mái cao nhất và tăng cường hiệu suất vận động.', null, '29000000', null, '11000000', '3', '2017-05-28 10:57:04', '2017-06-24 00:16:25', '4', '100000', '37', '\0');
INSERT INTO `sanpham` VALUES ('229', '70', 'Kính lặn trẻ em xanh M Fashy 8888', 'Chất liệu cao cấp\r\nKiểu dáng thời trang\r\nNổi bật lên phong cách của bạn\r\n\r\n869.000 VND\r\n\r\nKính lặn trẻ em Fashy thiết kế an toàn cho trẻ nhỏ - Tròng kính được làm từ chất liệu polycarbonate trong suốt, nhẹ, bền giúp bé quan sát rõ khi ở dưới nước - Ống thở được làm bằng chất liệu polyethylene mềm dẻo và bền - Dây đeo đầu có nút điều chỉnh độ rộng ở hai bên giúp bé dễ dàng thao tác 100% nhập khẩu trực tiếp từ Đức Bộ sản phẩm kính lặn trẻ em đảm bảo 100% hàng nhập khẩu chính hãng từ thương hiệu Fashy - Đức, được kiểm soát chất lượng chặt chẽ theo tiêu chuẩn châu Âu với chứng nhận CE (PSA Richtlinie) được in trên hộp sản phẩm. Thông tin chi tiết Xuất xứ: CHLB Đức Size: M (dành cho bé từ 6 tuổi trở lên) Màu sắc: Màu xám, màu xanh, màu vàng Chất liệu: Polycarbonate trong suốt và polyethylene mềm dẻo Bộ sản phẩm gồm: Kính lặn và ống thở', null, '55000000', null, '11000000', '6', '2017-05-30 10:57:13', '2017-06-16 10:59:19', '7', '100000', '37', '\0');
INSERT INTO `sanpham` VALUES ('230', '71', 'Máy chạy bộ Robinson đa năng', '11.865.000 VND\r\nMáy sử dụng động cơ DC, công suất 2.5 HP, tải trọng tối đa người dùng là 140kg, điều chỉnh độ tự động, độ dốc tối đa 15%,có jack cắm MP3 hỗ trợ nghe nhạc, đo điện tim, calo, tốc độ v.v..%\r\n Tốc độ tối đa 18km/h\r\nKích thước vùng chạy :128 x 45 cm\r\nMáy có thêm các bộ phận đa năng : máy rung bụng, tạ tay, đĩa xoay eo, thanh gập bụng\r\n\r\n\r\nRobinson đa năng là dòng sản phẩm máy chạy bộ độc quyền Kingsport. Thuộc phân khúc trên 10 triệu dành cho gia đình, Thiết kế mới với nhiều tính năng cải tiến, thảm chạy rộng rãi, động cơ mạnh mẽ 3.0HP  độ bền cao, thiết kế sang trọng phù hợp mọi không gian. Đây là dòng sản phẩm được ưa chuộng do có tính năng nâng dốc tự động với giá thành rẻ nhất.\r\n\r\nĐặc biệt so với dòng đơn năng tương tự máy còn tích hợp thêm các chức năng khác như đai massage, đĩa xoay eo, tạ tay, thanh gập bụng.\r\n', null, '29000000', null, '11000000', '3', '2017-05-30 10:57:13', '2017-06-16 10:59:19', '2', '100000', '37', '\0');
INSERT INTO `sanpham` VALUES ('231', '71', 'Máy chạy bộ trên không Xuki 2016', 'Độ bền cao\r\nTiện lợi\r\nPhù hợp với mọi lứa tuổi\r\nCó thể gấp gọn khi không dùng\r\n\r\n903.000 VND\r\n\r\nMáy tập chạy bộ trên không với thiết kế tiện lợi cùng nhiều tính năng tiện dụng, chắc chắn sẽ là sự lựa chọn hoàn hảo cho bạn. Không cần phải đến những trung tâm tập luyện tốn kém hay mất hàng giờ để tập luyện, với chiếc máy chỉ với 5 phút mỗi ngày bạn sẽ nhanh chóng sở hữu thân hình thon gọn, vòng eo quyến rũ và đầy gợi cảm. Thiết kế khéo léo, chịu được lực người đạp, đồng thời bàn đạp rộng, giúp cho người tập tạo thế vững chắc. Không những vậy, thiết kế này còn đem lại cảm giác hứng thú khi tập luyện và không gây cảm giác chán nản, mệt mỏi. Điểm nổi bật của chiếc máy chạy bộ trên không còn ở chất liệu thép nhập khẩu từ bền bỉ và đảm bảo cho bạn sử dụng an toàn, lâu dài.\r\nTÍNH NĂNG NỔI BẬT\r\n \r\nThiết kế tiện dụng\r\n \r\nChiếc máy tập chạy bộ trên không sở hữu thiết kế khá tiện dụng. Kích thước nhỏ gọn, cho phép người dùng dễ dàng di chuyển và cất giữ. Hơn nữa, thiết kế bàn đạp rông, giúp tạo thế vững chắc. Điều này giúp bạn dễ dàng sải bước và tạo thế vững vàng, quá trình luyện tập sẽ hứng thú hơn.\r\n \r\n \r\nChất liệu cao cấp và an toàn\r\n \r\nBàn đạp được làm từ nhựa 100% vừa bền bỉ vừa giúp tăng tính thẩm mỹ của chiếc máy. Ngoài ra, còn được làm từ chất liệu thép nhập , phủ lớp sơn của Jontun- NaUy đảm bảo độ bền bỉ cho thiết bị.\r\n \r\n \r\nCấu tạo chuyển động độc đáo.\r\n \r\nNhờ cấu tạo chuyển độc đáo, trọng lực chuyển động dọc theo những đường rãnh không ma sát, giúp cho toàn bộ cơ thể sẽ tham gia vào quá trình chuyện động từ tay xuống eo. Các bộ phân trên cơ thể từ chân xuống eo sẽ được lưu thông một cách đều đặn.\r\n\r\nGiảm cân hiệu quả\r\n \r\nChỉ với 5 phút mỗi ngày, bạn sẽ nhanh chóng luyện tập và sở hữu thân hình thon gọn, vòng eo quyến rũ. Với chiếc máy không chỉ đơn giản quá trình tập luyện mà hiệu quả nhanh chóng.', null, '29000000', null, '11000000', '5', '2017-05-28 10:57:04', '2017-06-24 00:16:25', '9', '100000', '37', '\0');
INSERT INTO `sanpham` VALUES ('232', '72', 'XE ĐẠP TẬP KINGSPORT X-BIKE CÓ YÊN', 'Xe đạp tập X-Bike có yên là dòng sản phẩm xe đạp tập hiệu quả tại nhà đến từ thương hiệu Kingsport giúp đốt cháy và tiêu hao lượng mỡ thừa nhanh chóng, tăng nhanh quá trình trao đổi chất, bảo vệ hệ thống tim mạch, tăng cường sức miễn dịch và đề kháng…Sức khỏe của cả gia đình bạn sẽ được cải thiện và nâng cao đáng kể tất cả nhờ vào xe đạp tập X-bike.\r\n\r\nKhung sườn được làm bằng thép chịu lực theo tiêu chuẩn Hoa Kỳ.\r\nThiết kế xích hình elip chuyển động vô cùng êm ái, trơn tru, không hề gây ra tiếng động làm ồn môi trường xung quanh.\r\nXe đạp có yên ngồi giúp thay đổi nhiều tư thế tập thích hợp với tất cả mọi người.\r\nĐồng hồ hiển thị các thông số như quãng đường, thời gian, nhịp tim, lương calorie tiêu hao giúp bạn dễ dàng nhận biết hiệu quả trong quá trình tập luyện.\r\nNúm kháng lực dùng để thay đổi lực quay của bánh đà, quá trình tập luyện nhanh chậm sẽ diễn ra theo ý muốn của bạn.\r\nMáy có yên rất nhỏ gọn, có bánh xe di chuyển, tiện lợi cất giữ, rất dễ tập và nhẹ nhàng đặt cơ thể vào tư thế tập lý tưởng không gây tác động đến các khớp xương, và không gây tiếng ồn trong lúc luyện tập.\r\nTải trọng tối đa cho phép lên tới 125kg, thích hợp dùng với tất cả mọi người, mọi lứa tuổi từ trẻ em, nam nữ thanh niên, người già, người có nhu cầu luyện tập thể dục thể thao muốn có một thân hình săn chắc và một sức khỏe dẻo dai.\r\n\r\n2,560,000 VND', null, '55000000', null, '9000000', '9', '2017-05-30 10:57:13', '2017-06-16 10:59:19', '1', '100000', '37', '\0');
INSERT INTO `sanpham` VALUES ('233', '72', 'Xe đạp tập thể thao Spin Bike', 'Thiết kế vững chắc theo tiêu chuẩn xe đua\r\nTrọng tải lớn\r\nChất liệu cao cấp\r\nHỗ trợ rèn luyện sức khỏe\r\nHỗ trợ tập cơ đùi, cơ tay...\r\n\r\n4.490.000 VND\r\n\r\nXe đạp tập thể dục là thiết bị tập luyện thể thao vô cùng đơn giản nhưng lại rất hiệu quả đối với những người bận rộn, không có thời gian luyện tập thể dục thể thao nhưng lại ham mê bộ môn đạp xe đạp, với sản phẩm này thì việc thỏa mãn niềm đam mê cũng như tập luyện nhằm cải thiện và nâng cao sức khỏe là điều trở nên dễ dàng hơn bao giờ hết đặc biệt là với chiếc xe đạp tập thể dục Spin Bikenày.\r\n\r\nI. ĐẶC ĐIỂM CỦA XE ĐẠP TẬP THỂ DỤC SPIN BIKE\r\n\r\nĐược cấu tạo từ bộ khung thép ống vuông chắc chắn nên đây là sản phẩm vô cùng tuyệt vời cho những người muốn có cảm giác mạnh như những tay đua chuyên nghiệp khi chiếc xe đạp tập thể dục Spin Bike có thể đáp ứng mọi nhu cầu của tất cả mọi người. Với thiết kế sang trọng và mạnh mẽ với 2 màu sắc là đỏ – đen và trắng và có kiểu dáng bề ngoài như những chiếc xe đua chuyên nghiệp, điều này đã khiến ngay từ khi ra đời Spin Bike đã gây được ấn tượng mạnh đối với người sử dụng.\r\n\r\nVới cơ cấu bánh cùng dây curoa sẽ giúp quá trình truyền động đạp chân được nhẹ nhàng hơn, tránh gây ra tiếng động ảnh hưởng tới những người xung quanh, ngoài ra với bộ xoay hãm lực bánh đà thì sẽ giúp người sử dụng có thể tập luyện với nhiều mức độ nặng nhẹ khác nhau trong quá trình đạp xe.\r\n\r\nDù cao hay thấp, chân ngắn hay dài đều có thể sử dụng sản phẩm này bởi yên xe được làm bằng da cao cấp và đặc biệt là khả năng có thể tùy chỉnh độ cao và dài của yên khiến ai cũng có thể tập luyện với chiếc máy này. Ngoài ra sản phẩm này còn có đồng hồ hiển thị các thông số luyện tập cũng như khả năng đo nhịp tim của người tập trong quá trình đạp xe\r\n\r\nII. LỢI ÍCH CỦA XE ĐẠP TẬP THỂ DỤC SPIN BIKE\r\n\r\nNếu bạn là người đam mê môn thể thao đạp xe đạp thì sẽ biết rất rõ hiệu quả mà chiếc xe đạp tập thể dục Spin Bikenày đem lại, với khả năng hỗ trợ người tập các bài tập đạp xe thì việc bạn sở hữu một cơ đùi săn chắc, với vòng 3 quyến rũ không phải là điều quá xa vời, trong quá trình tập luyện thì lực tác động cũng sẽ bổ trợ lên vùng eo, bụng, cánh tay giúp người tập có được những bài tập tổng hợp với nhiều lợi ích tốt hơn cho sức khỏe.\r\n\r\nĐạp xe đạp cũng là biện pháp để giúp người sử dụng hạn chế và phòng chống các bệnh về tim mạch, huyết áp, các bệnh về xương khớp, hạn chế tăng cân và béo phì, đó cũng là cách để tăng cường và nâng cao sức khỏe của mỗi người.\r\n\r\nKết hợp kéo tay và đạp xe\r\n \r\n\r\nXe đạp tập thể dục Spin Bike là dòng xe đạp thể dục có uy tín và sự hiệu quả hàng đầu hiện nay tại Việt Nam, sở hữu sản phẩm này là bạn đang sở hữu một sản phẩm chất lượng cao, có nhiều tính năng vượt trội và có khả năng hỗ trợ tối đa người tập với nhiều bài tập với nhiều phương pháp tập luyện khác nhau có tính tổng hợp tác động lên toàn bộ cơ thể mang lại cho người sử dụng một sức khỏe dẻo dai một tinh thần sảng khoái.\r\n\r\nI. ĐẶC ĐIỂM CỦA XE ĐẠP TẬP THỂ DỤC SPIN BIKE\r\n\r\nVới màu sắc trắng xanh với màu trắng làm chủ đạo nên cảm nhận đầu tiên mà người sử dụng được đón nhận đó chính là sự năng động của sản phẩm, được thiết kế như một chiếc xe đua chuyên nghiệp nên chiếcxe đạp tập thể dục này sẽ là một sự lựa chọn hàng đầu và đúng đắn nhất cho mục đích tăng cường và nâng cao sức khỏe của mỗi người.\r\n\r\nĐược cấu tạo nên từ bộ khung ống thép cao cấp không gỉ cao cấp chắc chắn kết hợp với đai truyền động sử dụng gắn với dây curoa nên quá trình tập luyện với chiếc xe đạp Spin Bike này sẽ trở nên nhẹ nhàng và êm ái hơn bao giờ hết, bạn không phải lo lắng về tiếng ồn làm ảnh hưởng đến những người xung quanh như khi sử dụng những chiếc xe đạp bằng xích / xên.\r\n\r\nYên xe được làm bằng da cao cấp nên sẽ tạo được sự thoải mái và êm ái cho người sử dụng khi tập luyện và một điều đặc biệt nữa đó chính là việc người sử dụng có thể kéo dài hoặc nâng cao yên ngôi một cách dễ dàng chỉ với một chiếc ốc vít, vì vậy mà sản phẩm này có thể đáp ứng được mọi đối tượng cũng như lứa tuổi sử dụng sản phẩm đạp xe đạp này.\r\n\r\nĐiều cải tiến và mang tính chất khá thú vị mà chiếc xe đạp tập thể dục này đó chính là việcSpin Bike được trang bị thêm 2 dây kéo tay, vừa đạp xe đạp và tập kéo tay đây quả thực là sự kết hợp độc đáo, bổ trợ tối đa cho người sử dụng khi tập luyện và nâng cao sức khỏe.\r\n\r\nII. LỢI ÍCH CỦA XE ĐẠP TẬP THỂ DỤC SPIN BIKE\r\n\r\nLợi ích với những bài tập xe đạp là vô cùng lớn trong việc rèn luyện sức khỏe, chỉ cần tập luyện thường xuyên thì sức khỏe của người tập sẽ được nâng cao rõ rệt, đặc biệt là với những người sử dụng sản phẩmSpin Bike thì sự kết hợp của các thành phần cấu tạo nên sản phẩm này sẽ mang lại cho người tập những hiệu quả tối ưu về sức khỏe cũng như là tiết kiệm được thời gian cũng như công sức khi luyện tập.\r\n\r\nViệc bạn sẽ có được một sức khỏe tốt và dẻo dai với những phần cơ săn chắc và gọn gàng sẽ nằm ngay trong tầm tay bạn với chiếc xe đạp tập thể dục tiện ích này, bạn sẽ không cần phải đi ra ngoài, phải thức khuya dậy sớm hay phụ thuộc vào việc nắng mưa mà thay vào đó bạn chỉ cần ở trong ngôi nhà của bạn sử dụng chiếc xe đạp thân thiện do công ty ngôi nhà số mang đến là bạn sẽ có được những điều tốt nhất về sức khỏe của mình.\r\n\r\nCác bộ phận tiện ích của xe\r\n\r\nSử dụng Spin Bike cũng là cách tốt nhất để bạn tránh xa mọi nguy hiểm khi đạp xe đạp ở ngoài đường, sử dụng xe cũng là cách mang đến cho bạn sự an toàn nhất bởi sự vững chắc cũng như sự tiện ích của sản phẩm này.', null, '29000000', null, '11000000', '1', '2017-05-28 10:57:04', '2017-06-24 00:16:25', '2', '100000', '37', '');
INSERT INTO `sanpham` VALUES ('234', '72', 'Xe đạp thể thao Buheung Korea MK-219', '2.835.200 VND\r\n\r\n\r\nSườn máy làm từ thép không gỉ chắc chắn\r\nNút điều chỉnh chế độ tập lên đến 8 cấp độ\r\nTùy chỉnh độ cao ghế phù hợp\r\nMàn hình hiển thị LCD\r\nGhế ngồi thoải mái êm ái\r\n\r\nCơ đùi săn chắc thon gọn, vòng eo mảnh mai khỏe mạnh là ước muốn của hầu hết chị em phụ nữ! Dòng xe đạp tập thể thao Buheung MK-219 sẽ giúp bạn thực hiện điều đó một cách dễ dàng, Buheung MK-219  là thiết bị mang vóc dáng mạnh mẽ nhất, kiểu dáng độc đáo nhất. Sản phẩm được thiết kế dựa những ứng dụng công nghệ hiện đại, nghiên cứu khoa học chuyên nghiệp. Nhiều người đã vô cùng thích thú khi lần đầu tiên tiếp xúc và trải nghiệm cùng với  Buheung MK-219\r\n\r\nTác động trực tiếp lên mông, hông, eo, đùi…\r\n\r\n- Làm thon gọn vóc dáng, săn chắc cơ thể \r\n\r\n- Giảm colestorol, ngăn ngừa các bệnh tim mạch \r\n\r\n- Tăng cường lưu thông tuần hoàn máu trong cơ thể \r\n\r\n- Giảm cân hiệu quả \r\n\r\n- Phục hồi và tăng cường sức khỏe Buheung MK-219 là dòng xe đạp tập đa năng cao cấp nhất của thương hiệu Buheung Korea đến từ Hàn QuốcMàn hình hiển thị LCD\r\n\r\nĐiều vô cùng khoa học ở xe đạp tập thể thao Buheung MK-219 đó chính là thiết kế chiều cao của máy giúp người tập luôn tư thế đúng chuẩn khi luyện tập không gây ra chấn thương. Với xe đạp tập thể thao Buheung MK-219 bạn có thể luyện tập như các vận động viên xe đạp chuyên nghiệp. Luyện tập thường xuyên giúp bạn đào thải các độc tố trong cơ thể.Kích thước nhỏ gọn cho mọi không gian sống trong gia đình bạn\r\n\r\nHướng tới nhu cầu tập thể dục của các thành viên trong gia đình, xe đạp thể thao Buheung MK-219 đã mang đến cho gia đình bạn một sản phẩm rất đa dụng. Sản phẩm rất thích hợp cho thanh thiếu niên luyện tập phát triện cơ thể toàn diện và khỏe mạnh. Người trẻ giữ vóc dáng cân đối và tươi trẻ hơn. Người lớn tuổi tập tránh nhiều bệnh nguy hiểm như tim mạch, tiểu đường, đặc biệt là bệnh về xương khớp. Xe đạp thể thao Buheung MK-219, thiết kế mới cải tiến: \r\n\r\n- Sườn máy làm từ thép không gỉ, chắc chắn, chịu tải trọng lên đến 150kg \r\n\r\n- Nút điều chỉnh chế độ tập lên đến 8 cấp độ\r\n\r\n- Tùy chỉnh độ cao ghế phù hợp\r\n- Ghế ngồi thoải mái êm ái\r\n\r\n- Bàn đạp có đai giữ chặt chân, tránh trình trạng trượt khi đạp quá nhanh, an toàn cho người sử dụng ', null, '55000000', null, '9000000', '4', '2017-05-30 10:57:13', '2017-06-16 10:59:19', '8', '100000', '37', '\0');
INSERT INTO `sanpham` VALUES ('235', '73', 'GIÀN TẠ ĐA NĂNG K3001F - K3001F', '8,549,000 đ\r\n\r\nXuất sứ: Trung Quốc\r\n- Khung thép chính dày 2,5mm. \r\n- Sơn bóng tĩnh điện siêu bền. \r\n- Màu sắc: Khung chính - ghi sáng, Ghế - Đỏ đen\r\n- Diện tích đặt máy:  1790mm x1150mm x 1980 mm\r\n- Trọng lượng lượng đĩa tạ: 10 quả x 5kg.\r\n- GW/NW: 113,4/108,2kg', null, '55000000', null, '11000000', '5', '2017-05-30 10:57:13', '2017-06-24 00:16:25', '4', '100000', '37', '');
INSERT INTO `sanpham` VALUES ('236', '74', 'Máy tập bụng đa năng 9 Pack Bench', 'Máy tập giảm mỡ bụng đa năng 9 Pack Bench là phiên bản mới nhất hiện nay với sự kết hợp 9 trong 1, động tác hiệu quả đến 9 vùng cơ thể. Đây là dòng sản phẩm đột phá, cải tiến mới nhất và đa năng trong sử dụng chăm sóc sức khỏe toàn diện giúp cơ thể trở nên săn chắc nhanh chóng. Ưu điểm của loại máy này là:\r\n\r\n– Bàn đạp thiết kế độc đáo tùy chỉnh theo chiều cao của từng người sử dụng\r\n– Nút kháng lực tăng giảm cấp độ đạp khi tập luyện, thân máy có thể thay đổi chiều dài phù hợp với người sử dụng\r\n– Lò xo độ đàn hồi cao có thể điều chỉnh: Dễ dàng thay đổi độ căng, xoay độ theo ý muốn\r\n– Những miếng đệm mút êm ái, bảo vệ cơ thể, khung sườn làm từ thép cao cấp phủ sơn tĩnh điện bền chắc\r\n1,390,000 đ\r\n\r\n', null, '29000000', null, '11000000', '9', '2017-05-28 10:57:04', '2017-06-24 00:16:25', '10', '100000', '37', '\0');
INSERT INTO `sanpham` VALUES ('237', '74', 'Máy tập giảm mỡ bụng TITAN Pro Six Pack Care', 'Máy tập TiTan Pro Six Pack Care là dòng máy làm giảm mỡ bụng đa năng khi kết hợp được rất nhiều kiểu tập luyện như: tập bụng, tập chân, tập hít đất, tập tay.\r\n\r\n– Máy tập giảm mỡ bụng có thêm bộ đạp chân giúp người dùng có thể đa dạng các bài tập\r\n\r\n– Các chức năng bao gồm: tập bụng, tập chân, tập tay, hít đất… Thiết bị tập tổng hợp Titan Pro Six Pack Care có thêm chức năng đạp xe, giúp cho đôi chân của người tập được rắn chắc hơn.\r\n\r\n1.100.000 đ ', null, '29000000', null, '11000000', '10', '2017-05-30 10:57:13', '2017-06-16 10:59:19', '2', '100000', '37', '');
INSERT INTO `sanpham` VALUES ('238', '74', 'Máy tập làm giảm mỡ bụng Tech Fitness', 'Nhằm đáp ứng các nhu cầu tập luyện khác nhau của người sử dụng, máy tập giảm mỡ bụng Tech Fitness được trang bị thêm 4 lò xo bằng chất liệu Inox cao cấp có khả năng chịu lực và chống gỉ hiệu quả cùng với 3 chốt điều chỉnh cường độ cho bài tập gập bụng.\r\n\r\n– Đây là loại máy tập giảm mỡ bụng đa năng 6 trong 1,\r\n\r\n– Các bài tập tách biệt và tác động trực tiếp lên từng bộ phận trên cơ thể sẽ mang lại hiệu quả tích cực nhất cho người tập. Máy tập TF phù hợp với mọi đối tượng.\r\n\r\n1.900.000 VNĐ', null, '55000000', null, '9000000', '4', '2017-05-28 10:57:04', '2017-06-16 10:59:19', '3', '100000', '37', '\0');
INSERT INTO `sanpham` VALUES ('239', '75', '1970 CHEVROLET EL CAMINO SS BLACK 124 DIECAST MODEL CAR BY NEW RAY 71885', '999.000 Đ\r\n\r\n\r\nBrand new 1:24 model diecast model car 1970 Chevrolet El Camino SS Black ... Thêm bài này vào danh sách Video của bạn Download bài này Chevrolet El Camino SS Black\r\nLốp cao su.\r\nHộp mới thương hiệu.\r\nChi tiết nội thất, ngoại thất.\r\nĐược làm bằng diecast với một số bộ phận bằng nhựa.\r\nKích thước khoảng L-8, W-3.75, H-3.25 inch.', null, '29000000', null, '11000000', '2', '2017-05-30 10:57:13', '2017-06-16 10:59:19', '9', '100000', '37', '');
INSERT INTO `sanpham` VALUES ('240', '75', 'FERRARI F40 RED SIGNATURE SERIES 118 DIECAST MODEL CAR BBURAGO 16601', 'Brand new 1:18 mô hình diecast quy mô của Ferrari F40 Chữ ลาย Đỏ chết đúc mẫu xe của Bburago.\r\nCác bánh xe trước có thể điều chỉnh được bằng tay lái.\r\nNhiều lớp phủ sơn hơn cho màu sắc phong phú hơn.\r\nHộp thu gom độc đáo (Hộp đóng bằng bọt ở tất cả các mặt).\r\nHood, cửa và thân cây mở.\r\nDiecast cơ thể bằng kim loại với một số bộ phận bằng nhựa.\r\nHệ thống treo bốn bánh.\r\nBánh xe chi tiết và badging cao hơn.\r\nHộp mới thương hiệu.\r\nLốp cao su.\r\nChi tiết nội thất, ngoại thất, khoang động cơ.\r\nKích thước khoảng L-10, W-4, H-3 inch\r\n\r\nGiá:2.300.000 Đ', null, '55000000', null, '11000000', '6', '2017-05-28 10:57:04', '2017-06-16 10:59:19', '1', '100000', '37', '\0');
INSERT INTO `sanpham` VALUES ('241', '76', '50 HAND SPINNER TRI FIDGET ANXIETY STRESS FINGER TOY FOCUS DESK EDC AUTISM ADHD', '\r\n1.569.030 VNĐ\r\n\r\nTuyệt vời cho bàn tay Fidgety, ADD & ADHD Đau khổ giúp Giảm căng thẳng\r\nKích thước phù hợp cho người lớn và trẻ em\r\n-Dễ dàng để Carry, nhỏ, đơn giản, Discreet, Fun, cũng có hiệu quả cho Focus và Deep Thought\r\n- Sử dụng một tay cầm máy xoay và dùng tay kia xoay nhanh bằng những cú đánh liên tục nhỏ để giữ nó quay vòng vô thời hạn với thực hành, người xoay có thể xoay bằng một tay chỉ dùng một ngón tay để ngưng và bắt đầu xoay', null, '29000000', null, '9000000', '6', '2017-05-30 10:57:13', '2017-06-16 10:59:19', '2', '100000', '37', '');
INSERT INTO `sanpham` VALUES ('242', '77', 'LEGO Star Wars Millennium Falcon (75105) BRAND NEW NO BOX Read Description', '3.009.753 VNĐ\r\n\r\nBao gồm 6 minifigures với các loại vũ khí khác nhau: Rey, Finn, Han Solo, Chewbacca, Tasu Leech và Kanjiklub Gang Member, cùng với BB-8 Astromech Droid\r\nCác tính năng bên ngoài được thiết kế tinh xảo và chi tiết, buồng lái có thể tháo rời với không gian cho 2 minifigures, xoay đầu và đáy tháp pháo laser với nắp và không gian cho một minifigure, hai súng trường bắn vào mùa xuân, đĩa cảm biến, đoạn đường nối, lối vào hở và mở các tấm thân tàu\r\nChi tiết nội thất bao gồm một siêu tốc độ chi tiết hơn, bảng holochess, khoang bí mật, hộp thêm và cáp, và bộ sưu tập cho đạn súng bắn vào mùa xuân\r\nVũ khí bao gồm một khẩu súng lục blaster, súng lục blaster màu bạc, blaster, khẩu súng trường băng đảng, súng trường băng đảng và một người thâu tóm\r\nTháo buồng lái\r\nBắn những tay súng bắn vào mùa xuân kép\r\nGiấu vũ khí và các hàng hoá khác trong ngăn bí mật\r\nCác biện pháp dài hơn 5 \"(14cm), dài 18\" (47cm) và rộng 12 \"(32cm)', null, '55000000', null, '9000000', '9', '2017-05-30 10:57:13', '2017-06-16 10:59:19', '10', '100000', '37', '\0');
INSERT INTO `sanpham` VALUES ('243', '78', 'American Girl Doll Mia, Doll Of The Year 2008 With Outfit And Skates', 'Đẹp 2.647.000 đ', null, '4500000', null, '12000000', '3', '2017-05-30 10:57:13', '2017-06-24 00:16:25', '5', '100000', '38', '\0');
INSERT INTO `sanpham` VALUES ('244', '79', 'Large Steiff Replica of a Antique Steiff Bear 20 or 50cm', '13.500.000 VNĐ\r\n\r\nWorld Wide Limited Edition cho năm 2014. Giới hạn tới 1000 thế giới. 50 cm hoặc 20 inch. 5 đường nối, mohair, mắt bằng gỗ. Đức đã vượt qua điều này. Ảnh thứ hai cho thấy gấu cổ với bản sao tại nhà máy ở Đức.\r\n', null, '4500000', null, '15000000', '2', '2017-05-30 10:57:13', '2017-06-24 00:16:25', '1', '100000', '2', '');
INSERT INTO `sanpham` VALUES ('245', '80', 'VINTAGE PAPER DOLL BAZAAR', '550.000 VNĐ\r\n\r\n\r\nĐây là một hộp cắt tỉa một phần và không cắt tỉa được đặt từ những năm 1940 và là số D-115 \"Paper Doll Bazaar\".\r\n\r\nCó sáu búp bê bằng giấy và mỗi chiếc có chiều cao khoảng 8 \"1/4\", chúng đều ở trong tình trạng tốt nhưng có một số nếp nhăn.\r\n\r\nTất cả sáu con búp bê đều có quần áo đã được cắt ra nhưng cũng có rất nhiều quần áo không bị cắt. Michael và Bruce mỗi người đều có hai trang giấy chưa cắt và Joan có ba trang một phần của quần áo chưa cắt. Có 59 bộ quần áo đã được cắt và 32 bộ quần áo chưa cắt ra cho tổng số 91 bộ trang phục. Tất cả đều trong tình trạng rất tốt với rất ít nếp nhăn ngoại trừ trên các tab.\r\n\r\nBên cạnh các trang phục có rất nhiều mũ, cung và đứng vv\r\n\r\nHộp này ở trong tình trạng công bằng với mòn cạnh và một con dấu Giáng sinh ở góc trên cùng bên trái. Các góc và các cạnh đã được tăng cường ở mặt sau.\r\n\r\nHộp lớn và có kích cỡ 11 1/2 X 17 \".', null, '5000000', null, '15000000', '6', '2017-05-28 10:57:04', '2017-06-16 10:59:19', '7', '100000', '6', '\0');
INSERT INTO `sanpham` VALUES ('246', '81', 'Super Mario Galaxy 2 for Nintendo Wii Brand New! Factory Sealed!', 'Hay 1.500.000 VNĐ\r\n\r\n', null, '4500000', null, '12000000', '5', '2017-05-30 10:57:13', '2017-06-24 00:16:25', '1', '100000', '2', '');
INSERT INTO `sanpham` VALUES ('247', '82', '12 Month Microsoft Xbox Live Gold Membership Subscription for Xbox OneXbox 360', 'Xbox chất lượng cao', null, '5000000', null, '12000000', '4', '2017-05-28 10:57:04', '2017-06-16 10:59:19', '2', '100000', '45', '\0');
INSERT INTO `sanpham` VALUES ('248', '83', 'PS4 Sony Dualshock 4 Wireless Controller for PlayStation 4', '1.337.150 VNĐ\r\n\r\nBộ điều khiển không dây Dualshock 4 của Sony dành cho Playstation 4 - Bạc\r\n\r\nThương hiệu mới trong bao bì bán lẻ ban đầu, đây là phiên bản cập nhật của bộ điều khiển Dualshock 4 để sử dụng với Sony Playstation 4.\r\n\r\nTính năng, đặc điểm:\r\nCảm giác, hình dạng, và độ nhạy cảm của thanh tương tự và nút kích hoạt đã được cải thiện để mang lại cảm giác kiểm soát tốt hơn, bất kể bạn chơi trò gì.\r\nBộ cảm ứng đa chạm và có thể nhấp trên màn hình của bộ điều khiển không dây DualShock 4 mở ra thế giới mới về khả năng chơi game cho cả người mới sử dụng và các game thủ kỳ cựu.\r\nBộ điều khiển không dây DualShock 4 được tích hợp loa và jack cắm tai nghe stereo, đưa một số tùy chọn âm thanh mới vào tay người chơi.', null, '4500000', null, '15000000', '5', '2017-05-30 10:57:13', '2017-06-24 00:16:25', '9', '100000', '25', '');
INSERT INTO `sanpham` VALUES ('249', '85', 'Đàn bầu', 'Phân lo?i: Ðàn thân tre , Ðàn h?p g?\r\nC?u t?o: -D?ng ?ng tròn ho?c hình h?p ch? nh?t\r\n	 -Chi?u dài kho?ng 110 cm, du?ng kính ho?c b? ngang ? d?u to kho?ng 12.5 cm, \r\n	 d?u nh? kho?ng 9.5 cm; cao kho?ng 10.5 cm.\r\n	 -Que g?y dàn: b?ng tre,g? mêm. Que dài(10cm) ho?c que ng?n(4-4.5cm)\r\nTính nang: d?m giai di?u tr? tình, d?c t?u.', null, '5000000', null, '12000000', '6', '2017-05-28 10:57:04', '2017-06-16 10:59:19', '9', '100000', '32', '\0');
INSERT INTO `sanpham` VALUES ('250', '85', 'Đàn tranh', 'Cấu tạo: Hình hộp dài, khung đàn hình thang dài 110-120 cm.\r\nĐầu lớn rộng khoảng 25–30 cm là đầu có lỗ và con chắn để mắc dây. Đầu nhỏ rộmg khoảng 15–20 cm gắn 16 khoá lên dây chéo qua mặt đàn.\r\nTính năng: độc tấu, hát đệm, hát ngâm thơ.', null, '5000000', null, '15000000', '1', '2017-05-30 10:57:13', '2017-06-16 10:59:19', '3', '100000', '2', '');
INSERT INTO `sanpham` VALUES ('251', '86', 'Tivi Denon', '20 inch\r\ncửa lùa\r\n4 chân', null, '4500000', null, '12000000', '3', '2017-05-28 10:57:04', '2017-06-24 00:16:25', '9', '100000', '15', '\0');
INSERT INTO `sanpham` VALUES ('252', '86', 'Tivi National', '25 inch\r\ndài: 1m05cm\r\nCao: 96 cm\r\nRộng: 46cm\r\nThùng tivi: 60 cm', null, '5000000', null, '15000000', '2', '2017-05-30 10:57:13', '2017-06-16 10:59:19', '4', '100000', '20', '\0');
INSERT INTO `sanpham` VALUES ('253', '87', 'Patek Philippe Reference 3448', 'Cấu t?o: -Làm b?ng vàng h?ng\r\n	 -S? và m?t du?c b?ng vàng hay b?ch kim\r\nTính nang: Ch?y theo co ch? vinh c?u d?u tiên\r\nNam: 1962\r\nGiá: 2.34 tri?u USD', null, '4500000', null, '15000000', '6', '2017-05-28 10:57:04', '2017-06-24 00:16:25', '1', '100000', '23', '\0');
INSERT INTO `sanpham` VALUES ('254', '87', 'Rolex Oyster Perpetual', 'Cấu tạo: -Bằng vàng 18k, chữ số và mặt men cloisonné\r\n	 -Đường kính : 36mm\r\nTính năng: Chống rò rỉ, khoá vàng Rolex 18K.\r\nNăm: 1949\r\nGiá: 1.24 triệu USD', null, '5000000', null, '12000000', '10', '2017-05-30 10:57:13', '2017-06-24 00:16:25', '9', '100000', '55', '\0');
INSERT INTO `sanpham` VALUES ('255', '88', 'Loa kèn', 'Cấu tạo: thân bằng gỗ, kèn bằng đồng\r\nTốc độ vòng quay đĩa\" 33,45,78 RPM\r\nTính năng: thích hợp cho nhạc cổ điển, giao hưởng\r\n', null, '4500000', null, '15000000', '3', '2017-05-30 10:57:13', '2017-06-16 10:59:19', '10', '100000', '22', '');
INSERT INTO `sanpham` VALUES ('256', '88', 'Than', 'Phân loại:  Truyền động gián tiếp và trực tiếp\r\nCấu tạo: 5 phần: Bệ máy, motor, mâm quay đĩa, tay cần và đầu kim\r\nTính năng: hai tốc độ đặt sẵn là 33 1/3 vòng/phút và 45 vòng/phút.', null, '5000000', null, '12000000', '1', '2017-05-28 10:57:04', '2017-06-24 00:16:25', '9', '100000', '13', '');
INSERT INTO `sanpham` VALUES ('257', '89', 'Thái Lan', 'Chất liệu: Thép gia cường mạ vàng\r\nĐường kính: 30 cm\r\n', null, '5000000', null, '15000000', '2', '2017-05-28 10:57:04', '2017-06-16 10:59:19', '7', '100000', '3', '');
INSERT INTO `sanpham` VALUES ('258', '89', 'Trung Quốc', 'Chất liệu: Đồng\r\nĐường kinh: Khoảng 27 cm\r\n', null, '5000000', null, '15000000', '7', '2017-05-28 10:57:04', '2017-06-24 00:16:25', '1', '100000', '5', '');
INSERT INTO `sanpham` VALUES ('259', '90', 'Nhật Bản', 'Đơn vị tiền tệ: Đồng yên\r\nNăm: 1871', null, '4500000', null, '15000000', '5', '2017-05-28 10:57:04', '2017-06-30 11:52:55', '3', '100000', '15', '\0');
INSERT INTO `sanpham` VALUES ('260', '90', 'Trung Quốc', 'Năm: 1930', null, '4500000', null, '12000000', '4', '2017-05-28 10:57:04', '2017-06-16 10:59:19', '1', '100000', '21', '\0');
INSERT INTO `sanpham` VALUES ('261', '108', 'KEM ĐÁNH RĂNG ĐÀI LOAN BLUE MOON', ' 240,000đ\r\n\r\nKEM ĐÁNH RĂNG ĐÀI LOAN BLUE MOON\r\n- Thông tin sản phẩm\r\n+ Lai mông\r\n+ Cây bài hương lớn\r\n+ Bảo vệ hiệu quả toàn diện\r\n+ Kem đánh răng bảo vệ sức khoẻ răng miệng\r\n+ Thực vật Đài Loan\r\n+ Đài Loan nghiên cứu khai thác\r\n+ Hàm lượng chiết xuất từ cây bài hương lớn tự nhiên\r\n- Tính năng đặc biệt:\r\n+ Thích hợp cho những người có vấn đề nướu mãm tính.\r\n+ Ngăn ngừa sâu răng.\r\n+ Giảm viêm nướu.\r\n+ Răng chắc khoẻ.\r\n+ Ngăn ngừa, mảng bám răng.\r\n+ Răng mẫn cảm nóng lạnh.', null, '4500000', null, '15000000', '3', '2017-05-30 10:57:13', '2017-06-30 11:52:55', '10', '100000', '2', '\0');

-- ----------------------------
-- Table structure for sanphamconguoimua
-- ----------------------------
DROP TABLE IF EXISTS `sanphamconguoimua`;
CREATE TABLE `sanphamconguoimua` (
  `USER_idUSER` int(11) NOT NULL,
  `idsanpham` int(11) NOT NULL,
  KEY `fk_SANPHAMCONGUOIMUA_USER1_idx` (`USER_idUSER`),
  KEY `fk_SANPHAMCONGUOIMUA_SANPHAM` (`idsanpham`),
  CONSTRAINT `fk_SANPHAMCONGUOIMUA_SANPHAM` FOREIGN KEY (`idsanpham`) REFERENCES `sanpham` (`idSANPHAM`) ON DELETE NO ACTION ON UPDATE NO ACTION,
  CONSTRAINT `fk_SANPHAMCONGUOIMUA_USER1` FOREIGN KEY (`USER_idUSER`) REFERENCES `user` (`idUSER`) ON DELETE NO ACTION ON UPDATE NO ACTION
) ENGINE=InnoDB DEFAULT CHARSET=utf8;

-- ----------------------------
-- Records of sanphamconguoimua
-- ----------------------------

-- ----------------------------
-- Table structure for sanphamyeuthich
-- ----------------------------
DROP TABLE IF EXISTS `sanphamyeuthich`;
CREATE TABLE `sanphamyeuthich` (
  `USER_idUSER` int(11) NOT NULL,
  `idsanpham` int(11) NOT NULL,
  KEY `fk_SANPHAMYEUTHICH_USER_idx` (`USER_idUSER`),
  KEY `fk_SANPHAMYEUTHICH_SANPHAM` (`idsanpham`),
  CONSTRAINT `fk_SANPHAMYEUTHICH_SANPHAM` FOREIGN KEY (`idsanpham`) REFERENCES `sanpham` (`idSANPHAM`) ON DELETE NO ACTION ON UPDATE NO ACTION,
  CONSTRAINT `fk_SANPHAMYEUTHICH_USER` FOREIGN KEY (`USER_idUSER`) REFERENCES `user` (`idUSER`) ON DELETE NO ACTION ON UPDATE NO ACTION
) ENGINE=InnoDB DEFAULT CHARSET=utf8;

-- ----------------------------
-- Records of sanphamyeuthich
-- ----------------------------
INSERT INTO `sanphamyeuthich` VALUES ('1', '5');
INSERT INTO `sanphamyeuthich` VALUES ('1', '15');
INSERT INTO `sanphamyeuthich` VALUES ('1', '29');
INSERT INTO `sanphamyeuthich` VALUES ('1', '3');
INSERT INTO `sanphamyeuthich` VALUES ('2', '55');
INSERT INTO `sanphamyeuthich` VALUES ('2', '48');
INSERT INTO `sanphamyeuthich` VALUES ('3', '88');
INSERT INTO `sanphamyeuthich` VALUES ('3', '22');
INSERT INTO `sanphamyeuthich` VALUES ('4', '12');
INSERT INTO `sanphamyeuthich` VALUES ('4', '86');
INSERT INTO `sanphamyeuthich` VALUES ('5', '32');
INSERT INTO `sanphamyeuthich` VALUES ('5', '9');
INSERT INTO `sanphamyeuthich` VALUES ('6', '150');
INSERT INTO `sanphamyeuthich` VALUES ('6', '178');
INSERT INTO `sanphamyeuthich` VALUES ('6', '32');
INSERT INTO `sanphamyeuthich` VALUES ('7', '150');
INSERT INTO `sanphamyeuthich` VALUES ('7', '32');
INSERT INTO `sanphamyeuthich` VALUES ('8', '1');
INSERT INTO `sanphamyeuthich` VALUES ('9', '200');
INSERT INTO `sanphamyeuthich` VALUES ('9', '215');
INSERT INTO `sanphamyeuthich` VALUES ('9', '127');
INSERT INTO `sanphamyeuthich` VALUES ('10', '32');
INSERT INTO `sanphamyeuthich` VALUES ('10', '48');

-- ----------------------------
-- Table structure for sessions
-- ----------------------------
DROP TABLE IF EXISTS `sessions`;
CREATE TABLE `sessions` (
  `session_id` varchar(128) CHARACTER SET utf8mb4 COLLATE utf8mb4_bin NOT NULL,
  `expires` int(11) unsigned NOT NULL,
  `data` text CHARACTER SET utf8mb4 COLLATE utf8mb4_bin,
  PRIMARY KEY (`session_id`)
) ENGINE=InnoDB DEFAULT CHARSET=latin1;

-- ----------------------------
-- Records of sessions
-- ----------------------------
INSERT INTO `sessions` VALUES ('3g3EWWxsWHS1gY0lBw1oKWYYrl5GVzyL', '1498674390', 0x7B22636F6F6B6965223A7B226F726967696E616C4D6178416765223A6E756C6C2C2265787069726573223A6E756C6C2C22687474704F6E6C79223A747275652C2270617468223A222F227D7D);
INSERT INTO `sessions` VALUES ('4-ha_23dfEl1blAva7KR3WNSMSuYQaaT', '1498707100', 0x7B22636F6F6B6965223A7B226F726967696E616C4D6178416765223A6E756C6C2C2265787069726573223A6E756C6C2C22687474704F6E6C79223A747275652C2270617468223A222F227D7D);
INSERT INTO `sessions` VALUES ('EyyMO2xcGjpphdisLIUXwodiPHKZCDMG', '1498715219', 0x7B22636F6F6B6965223A7B226F726967696E616C4D6178416765223A6E756C6C2C2265787069726573223A6E756C6C2C22687474704F6E6C79223A747275652C2270617468223A222F227D7D);
INSERT INTO `sessions` VALUES ('V7FxEKNj7YshGgrUXl2FwyZKrrl1yVb4', '1498628812', 0x7B22636F6F6B6965223A7B226F726967696E616C4D6178416765223A2D313030302C2265787069726573223A22323031372D30362D32385430353A34363A35312E3536305A222C22687474704F6E6C79223A747275652C2270617468223A222F227D2C226973514C223A66616C73652C2269734C6F67676564223A66616C73652C2275736572223A6E756C6C7D);
INSERT INTO `sessions` VALUES ('WXCPxPgpYLSz9aZy765S9mwqbb_7k09X', '1498655586', 0x7B22636F6F6B6965223A7B226F726967696E616C4D6178416765223A6E756C6C2C2265787069726573223A6E756C6C2C22687474704F6E6C79223A747275652C2270617468223A222F227D7D);
INSERT INTO `sessions` VALUES ('k7Qwmq4o8kC0DeyFY_RkECl5fWgo3H6x', '1498705314', 0x7B22636F6F6B6965223A7B226F726967696E616C4D6178416765223A6E756C6C2C2265787069726573223A6E756C6C2C22687474704F6E6C79223A747275652C2270617468223A222F227D7D);

-- ----------------------------
-- Table structure for user
-- ----------------------------
DROP TABLE IF EXISTS `user`;
CREATE TABLE `user` (
  `idUSER` int(11) NOT NULL AUTO_INCREMENT,
  `tendangnhap` varchar(30) DEFAULT NULL,
  `matkhau` varchar(50) DEFAULT NULL,
  `hoten` varchar(100) DEFAULT NULL,
  `gioitinh` varchar(5) DEFAULT NULL,
  `ngaysinh` datetime DEFAULT NULL,
  `sodienthoai` varchar(20) DEFAULT NULL,
  `diachi` varchar(100) DEFAULT NULL,
  `email` varchar(100) DEFAULT NULL,
  `ngaybatdauban` datetime DEFAULT NULL,
  `chucvu` int(1) NOT NULL,
  `xacthuc` int(2) DEFAULT NULL,
  PRIMARY KEY (`idUSER`)
) ENGINE=InnoDB AUTO_INCREMENT=12 DEFAULT CHARSET=utf8;

-- ----------------------------
-- Records of user
-- ----------------------------
INSERT INTO `user` VALUES ('1', 'bigterboy', '0908083087', 'Trương Phan Quí', 'Nam', '2017-06-21 15:59:30', '01227890490', 'tp hcm', 'ninatabala@gmail.com', '2017-06-21 15:59:30', '0', null);
INSERT INTO `user` VALUES ('2', 'jimber', '123456', 'trần trung hiếu', 'Nữ', '2017-06-12 16:00:30', '123456', 'TP quảng nam', 'jiper@gmail.com', '2017-06-21 15:59:30', '0', null);
INSERT INTO `user` VALUES ('3', 'honey', '15615466', 'Nguyễn Quang Hùng', 'Nam', '2017-06-15 16:03:02', '1234516889', 'TP HCM', 'horcor@gmail.com', '2017-06-21 15:59:30', '0', null);
INSERT INTO `user` VALUES ('4', 'vippro', '123943891', 'Hoàng Trung Quân', 'Nam', '2003-12-01 13:24:21', '04739475833', 'Quảng Ninh', 'iosAdroid@yahoo.com.vn', '2017-06-14 15:25:19', '0', null);
INSERT INTO `user` VALUES ('5', 'honney', '143992737', 'Nguyễn Minh Quân', 'Nam', '1995-11-09 15:25:50', '03849273948', 'Quảng Trị', 'ayeuemILY@gmail.com', '2017-06-12 15:26:51', '0', null);
INSERT INTO `user` VALUES ('6', 'hoaneiksi', '1342424390', 'Justin bieber', 'Nam', '2001-11-23 15:28:58', '085734885', 'Tây Ninh', 'hoangquan@gmail.com', '2017-06-03 15:31:39', '0', null);
INSERT INTO `user` VALUES ('7', 'biaafie', 'laien3893', 'Ngô Thanh Vân', 'Nữ', '1993-07-30 15:29:08', '094782734', 'Hà Nội', 'trung123@gmail.com', '2017-06-25 15:31:43', '0', null);
INSERT INTO `user` VALUES ('8', 'quanafk', '1233542', 'Hoàng Luân', 'Nam', '1992-08-09 15:29:19', '0858377456', 'Huế', 'hoangeo2r2@gmail.com', '2017-06-06 15:31:47', '0', null);
INSERT INTO `user` VALUES ('9', 'nhinconchim', 'immemto34', 'Phạm Luân', 'Nam', '1998-12-30 15:29:31', '084783723', 'Quảng Nam', 'viporo1293@gmail.com', '2017-06-16 15:31:52', '0', null);
INSERT INTO `user` VALUES ('10', 'wtfuckyou', '50384jdoeo', 'Tô Ngọc Vân', 'Nữ', '1991-07-31 15:29:43', '090807432', 'Dak Lak', 'ziperrrr@gmail.com', '2017-06-15 15:31:56', '0', null);
INSERT INTO `user` VALUES ('11', 'hero', 'e10adc3949ba59abbe56e057f20f883e', 'Phúc MiM', 'Nam', '2017-06-28 00:00:00', '111', 'Tây Ninh', 'phuctlq113@gmail.com', '0000-00-00 00:00:00', '0', '1');
